{
  "bins": [
    {
      "label": "quiet",
      "mean_94A_intensity": 7966.066499078219,
      "n_samples": 10,
      "pair_values": {
        "304-171": 0.22823760107415714,
        "304-193": 0.3954620740292886,
        "304-211": 0.45797032455773773,
        "304-335": 0.44390905253022706,
        "304-94": 0.020547468377413707,
        "304-131": 0.044440353578282715,
        "171-193": 0.3328418593951684,
        "171-211": 0.289424197876097,
        "171-335": 0.3522514535242054,
        "171-94": 0.09338083624271777,
        "171-131": 0.13162081087935854,
        "193-211": 0.30945734258780166,
        "193-335": 0.2989790564886822,
        "193-94": 0.40223919373872336,
        "193-131": 0.39001543263366995,
        "211-335": 0.29408922721693903,
        "211-94": 0.40965552038910413,
        "211-131": 0.4099064878634035,
        "335-94": 0.3962078899729681,
        "335-131": 0.39973575501183556,
        "94-131": 0.11001781256709031
      },
      "pair_stds": {
        "304-171": 0.3832008546183471,
        "304-193": 0.38456623329215633,
        "304-211": 0.3963294720620619,
        "304-335": 0.3816231120175839,
        "304-94": 0.09421358992564226,
        "304-131": 0.06926149903199556,
        "171-193": 0.3179283338413809,
        "171-211": 0.30034258322569507,
        "171-335": 0.326792392897376,
        "171-94": 0.18069539066838197,
        "171-131": 0.1569044936035202,
        "193-211": 0.2682278992525959,
        "193-335": 0.2704194708612136,
        "193-94": 0.3833497858434133,
        "193-131": 0.3957833464667556,
        "211-335": 0.2747266619668423,
        "211-94": 0.3831815065483257,
        "211-131": 0.3828425769948119,
        "335-94": 0.39134036994144183,
        "335-131": 0.3877159678290223,
        "94-131": 0.12043197658344944
      }
    },
    {
      "label": "moderate",
      "mean_94A_intensity": 7985.977244059379,
      "n_samples": 10,
      "pair_values": {
        "304-171": 0.6528263108456265,
        "304-193": 0.656362915489488,
        "304-211": 0.655813800628899,
        "304-335": 0.6487035922333957,
        "304-94": 0.16969215235539145,
        "304-131": 0.16254652045312523,
        "171-193": 0.31653935565768204,
        "171-211": 0.3195205494255296,
        "171-335": 0.2956587005936163,
        "171-94": 0.26973463489789073,
        "171-131": 0.2765515680968724,
        "193-211": 0.364513162227717,
        "193-335": 0.35701836661615055,
        "193-94": 0.2616229849715248,
        "193-131": 0.2863190449153116,
        "211-335": 0.3600624583683817,
        "211-94": 0.3015005977427908,
        "211-131": 0.37239196516154954,
        "335-94": 0.27334526260742853,
        "335-131": 0.22781245678379655,
        "94-131": 0.24018513268141387
      },
      "pair_stds": {
        "304-171": 0.3999931992626385,
        "304-193": 0.40255569098875443,
        "304-211": 0.40521008006147236,
        "304-335": 0.39699641949124376,
        "304-94": 0.26454762470582405,
        "304-131": 0.2731933935805673,
        "171-193": 0.09665690581936358,
        "171-211": 0.09995870979802803,
        "171-335": 0.10032093059084486,
        "171-94": 0.25367186975344264,
        "171-131": 0.2454854984317977,
        "193-211": 0.1920728896888206,
        "193-335": 0.2014889830052315,
        "193-94": 0.11056358595902359,
        "193-131": 0.20306651889102623,
        "211-335": 0.1933611947871602,
        "211-94": 0.19765456341163332,
        "211-131": 0.3007065374434164,
        "335-94": 0.1299058879855205,
        "335-131": 0.020246400113882488,
        "94-131": 0.24044894533393163
      }
    },
    {
      "label": "active",
      "mean_94A_intensity": 8009.218312946019,
      "n_samples": 10,
      "pair_values": {
        "304-171": 0.6280822964946278,
        "304-193": 0.677112309462844,
        "304-211": 0.686019848284473,
        "304-335": 0.6813813915327682,
        "304-94": 0.34116645563827147,
        "304-131": 0.3416150069491984,
        "171-193": 0.3417375724797215,
        "171-211": 0.34409651640642996,
        "171-335": 0.3342338229035707,
        "171-94": 0.35493706388298685,
        "171-131": 0.34700726935689336,
        "193-211": 0.29077463444129675,
        "193-335": 0.2808354776816184,
        "193-94": 0.31344380616978024,
        "193-131": 0.3154707832655886,
        "211-335": 0.28217305246322966,
        "211-94": 0.31562707241154225,
        "211-131": 0.31004690440772487,
        "335-94": 0.388080605464778,
        "335-131": 0.38770177258328525,
        "94-131": 0.39982945723049595
      },
      "pair_stds": {
        "304-171": 0.39176618192942575,
        "304-193": 0.38343134914571325,
        "304-211": 0.392519068319784,
        "304-335": 0.39222999401939157,
        "304-94": 0.3919454781119314,
        "304-131": 0.38397881237788084,
        "171-193": 0.24108711873176306,
        "171-211": 0.24669624038596427,
        "171-335": 0.2420450753080407,
        "171-94": 0.3190333523785057,
        "171-131": 0.3074008223156259,
        "193-211": 0.04451504028752256,
        "193-335": 0.0384009935642679,
        "193-94": 0.25860456247046376,
        "193-131": 0.2560855787834105,
        "211-335": 0.034468243866904016,
        "211-94": 0.25801428161703843,
        "211-131": 0.2549695220935001,
        "335-94": 0.31861161035200786,
        "335-131": 0.3264236242327622,
        "94-131": 0.3868732411276973
      }
    }
  ],
  "correlations": {
    "304-171": {
      "r": 0.3646975418318235,
      "p": 0.04753555610213643
    },
    "304-193": {
      "r": 0.24109593388912406,
      "p": 0.19933206469961023
    },
    "304-211": {
      "r": 0.22572544177354198,
      "p": 0.23038417349367524
    },
    "304-335": {
      "r": 0.23261464495269488,
      "p": 0.2160874598599638
    },
    "304-94": {
      "r": 0.4247609354201619,
      "p": 0.01930026384022268
    },
    "304-131": {
      "r": 0.3718201223943234,
      "p": 0.043052721653762165
    },
    "171-193": {
      "r": 0.028867602655535347,
      "p": 0.8796387837510806
    },
    "171-211": {
      "r": 0.07238307601086845,
      "p": 0.7038626112529732
    },
    "171-335": {
      "r": 0.00610001357496328,
      "p": 0.9744786849497697
    },
    "171-94": {
      "r": 0.28036249295063337,
      "p": 0.13344852613559943
    },
    "171-131": {
      "r": 0.24452621034061586,
      "p": 0.1928173388286921
    },
    "193-211": {
      "r": 0.07062240335685024,
      "p": 0.710755169840674
    },
    "193-335": {
      "r": 0.05975313843044214,
      "p": 0.753783013688343
    },
    "193-94": {
      "r": -0.2131044543037127,
      "p": 0.25819315720546665
    },
    "193-131": {
      "r": -0.1915202490262743,
      "p": 0.3106541015382275
    },
    "211-335": {
      "r": 0.07928335906944094,
      "p": 0.677075324548561
    },
    "211-94": {
      "r": -0.21204125399851484,
      "p": 0.2606320592196695
    },
    "211-131": {
      "r": -0.18041345116993657,
      "p": 0.3400653212714805
    },
    "335-94": {
      "r": -0.06186749725827176,
      "p": 0.7453515559926138
    },
    "335-131": {
      "r": -0.047666292603275616,
      "p": 0.802488834103473
    },
    "94-131": {
      "r": 0.43366130886165405,
      "p": 0.016659759209215162
    }
  },
  "most_activity_dependent": [
    {
      "pair": "94-131",
      "r": 0.43366130886165405
    },
    {
      "pair": "304-94",
      "r": 0.4247609354201619
    },
    {
      "pair": "304-131",
      "r": 0.3718201223943234
    },
    {
      "pair": "304-171",
      "r": 0.3646975418318235
    },
    {
      "pair": "171-94",
      "r": 0.28036249295063337
    }
  ]
}