{
  "short_scale": {
    "hours": 6,
    "n_points": 15,
    "rankings": {
      "304-211": 1,
      "304-335": 2,
      "304-171": 3,
      "304-193": 4,
      "211-131": 5,
      "171-335": 6,
      "171-193": 7,
      "94-131": 8,
      "171-211": 9,
      "193-211": 10,
      "211-94": 11,
      "335-94": 12,
      "335-131": 13,
      "193-335": 14,
      "193-94": 15,
      "211-335": 16,
      "193-131": 17,
      "304-94": 18,
      "171-94": 19,
      "304-131": 20,
      "171-131": 21
    },
    "values": {
      "304-171": 0.7009013502062974,
      "304-193": 0.6856315617487104,
      "304-211": 0.7263811684510322,
      "304-335": 0.7135301073989861,
      "304-94": 0.322797276251839,
      "304-131": 0.3178610957033551,
      "171-193": 0.35658775842827883,
      "171-211": 0.3468506466020031,
      "171-335": 0.3661510801089732,
      "171-94": 0.322312687413813,
      "171-131": 0.3165675870307594,
      "193-211": 0.34678286156244764,
      "193-335": 0.332562646011217,
      "193-94": 0.3319883566931944,
      "193-131": 0.32806603744407065,
      "211-335": 0.3305353195259192,
      "211-94": 0.34054545692680377,
      "211-131": 0.38787369064109084,
      "335-94": 0.33412764735348865,
      "335-131": 0.33389846647528115,
      "94-131": 0.35597201562611963
    }
  },
  "long_scale": {
    "hours": 48,
    "n_points": 12,
    "rankings": {
      "304-193": 1,
      "304-335": 2,
      "304-211": 3,
      "211-94": 4,
      "335-94": 5,
      "335-131": 6,
      "193-131": 7,
      "193-211": 8,
      "193-94": 9,
      "211-335": 10,
      "193-335": 11,
      "211-131": 12,
      "171-193": 13,
      "171-335": 14,
      "171-211": 15,
      "171-94": 16,
      "304-171": 17,
      "171-131": 18,
      "94-131": 19,
      "304-94": 20,
      "304-131": 21
    },
    "values": {
      "304-171": 0.15569835570637489,
      "304-193": 0.5957507277779776,
      "304-211": 0.3744171775478427,
      "304-335": 0.44172915554475667,
      "304-94": 0.08700052044210453,
      "304-131": 0.08664135365970281,
      "171-193": 0.19911885798659956,
      "171-211": 0.194180609728602,
      "171-335": 0.19892223103367165,
      "171-94": 0.16023587351072122,
      "171-131": 0.1267841257659212,
      "193-211": 0.23097254192117492,
      "193-335": 0.22645365618718374,
      "193-94": 0.2304274207442615,
      "193-131": 0.3007703929932693,
      "211-335": 0.22684084265177848,
      "211-94": 0.32318117603857405,
      "211-131": 0.22508836517904385,
      "335-94": 0.3231054807954535,
      "335-131": 0.30233295618714934,
      "94-131": 0.12337146547252871
    }
  },
  "correlations": {
    "spearman_rho": 0.43506493506493504,
    "spearman_p": 0.04871398224636617,
    "kendall_tau": 0.3047619047619048,
    "kendall_p": 0.05636408981183753
  },
  "top5_overlap": 3,
  "rank_changes": {
    "304-211": 2,
    "304-335": 0,
    "304-171": 14,
    "304-193": 3,
    "211-131": 7,
    "171-335": 8,
    "171-193": 6,
    "94-131": 11,
    "171-211": 6,
    "193-211": 2,
    "211-94": 7,
    "335-94": 7,
    "335-131": 7,
    "193-335": 3,
    "193-94": 6,
    "211-335": 6,
    "193-131": 10,
    "304-94": 2,
    "171-94": 3,
    "304-131": 1,
    "171-131": 3
  }
}