{
  "wavelengths": [
    304,
    171,
    193,
    211,
    335,
    94,
    131
  ],
  "delta_mi_sector": [
    [
      0.0,
      0.34703448826968486,
      0.4522475503495704,
      0.4761723514313747,
      0.4456986958385354,
      0.18172405084667437,
      0.17355646090156565
    ],
    [
      0.34703448826968486,
      0.0,
      0.2963514766052724,
      0.28552220232732445,
      0.27324566367872394,
      0.2138767611018327,
      0.21917316945984408
    ],
    [
      0.4522475503495704,
      0.2963514766052724,
      0.0,
      0.2752259980700858,
      0.2770247048574807,
      0.30986285321747714,
      0.29929097289616646
    ],
    [
      0.4761723514313747,
      0.28552220232732445,
      0.2752259980700858,
      0.0,
      0.27796459706410276,
      0.31038702423518255,
      0.2966680389166818
    ],
    [
      0.4456986958385354,
      0.27324566367872394,
      0.2770247048574807,
      0.27796459706410276,
      0.0,
      0.3054557558406888,
      0.29845718559161466
    ],
    [
      0.18172405084667437,
      0.2138767611018327,
      0.30986285321747714,
      0.31038702423518255,
      0.3054557558406888,
      0.0,
      0.20474531076189348
    ],
    [
      0.17355646090156565,
      0.21917316945984408,
      0.29929097289616646,
      0.2966680389166818,
      0.29845718559161466,
      0.20474531076189348,
      0.0
    ]
  ],
  "mi_ratio": [
    [
      0.0,
      0.2597078325203046,
      0.308616432830965,
      0.3139557732128882,
      0.3155534007748488,
      0.19502673898799947,
      0.19045618460618768
    ],
    [
      0.2597078325203046,
      0.0,
      0.3475872244903456,
      0.3451857978755502,
      0.3428286227296506,
      0.2866626154407856,
      0.2882516947190164
    ],
    [
      0.308616432830965,
      0.3475872244903456,
      0.0,
      0.3644543639212777,
      0.36475666287380476,
      0.3398151451474341,
      0.3394809001641465
    ],
    [
      0.3139557732128882,
      0.3451857978755502,
      0.3644543639212777,
      0.0,
      0.369067481999195,
      0.3466979948723346,
      0.34335904351248725
    ],
    [
      0.3155534007748488,
      0.3428286227296506,
      0.36475666287380476,
      0.369067481999195,
      0.0,
      0.34233862268718224,
      0.34183153735470206
    ],
    [
      0.19502673898799947,
      0.2866626154407856,
      0.3398151451474341,
      0.3466979948723346,
      0.34233862268718224,
      0.0,
      0.2708345041898407
    ],
    [
      0.19045618460618768,
      0.2882516947190164,
      0.3394809001641465,
      0.34335904351248725,
      0.34183153735470206,
      0.2708345041898407,
      0.0
    ]
  ],
  "delta_mi_ring": [
    [
      0.0,
      0.3863910721310103,
      0.528166809507022,
      0.5310144963988231,
      0.53388038163621,
      0.18533286298795146,
      0.17513249353931257
    ],
    [
      0.3863910721310103,
      0.0,
      0.3338568549453091,
      0.3237251693254146,
      0.3107092735273266,
      0.10219421846904207,
      0.09333247421475167
    ],
    [
      0.528166809507022,
      0.3338568549453091,
      0.0,
      0.31038603265889647,
      0.3035882419779122,
      0.17086474624579637,
      0.14606909202145155
    ],
    [
      0.5310144963988231,
      0.3237251693254146,
      0.31038603265889647,
      0.0,
      0.3115287098496244,
      0.18211218066814042,
      0.14760286138160428
    ],
    [
      0.53388038163621,
      0.3107092735273266,
      0.3035882419779122,
      0.3115287098496244,
      0.0,
      0.18103626405107334,
      0.1772426992064623
    ],
    [
      0.18533286298795146,
      0.10219421846904207,
      0.17086474624579637,
      0.18211218066814042,
      0.18103626405107334,
      0.0,
      0.1923809137582994
    ],
    [
      0.17513249353931257,
      0.09333247421475167,
      0.14606909202145155,
      0.14760286138160428,
      0.1772426992064623,
      0.1923809137582994,
      0.0
    ]
  ],
  "metadata": {
    "timestamp": "2025-12-21T19:36:31.105436",
    "n_timepoints": 120,
    "hours": 24.0
  },
  "statistics": {
    "mean_delta_mi_sector": 0.2961754910600846,
    "std_delta_mi_sector": 0.07963153830635551,
    "mean_mi_ratio": 0.31506993213861656,
    "std_mi_ratio": 0.04954882780782554
  }
}