{
  "wavelengths": [
    304,
    171,
    193,
    211,
    335,
    94,
    131
  ],
  "delta_mi_sector": [
    [
      0.0,
      0.09824770020651945,
      0.07278027519766148,
      0.07270878440413711,
      0.09769311109574344,
      0.10161582604463337,
      0.10410546119369846
    ],
    [
      0.09824770020651945,
      0.0,
      0.3858135830146148,
      0.20523600575179968,
      0.10351946858532823,
      0.12501577968257313,
      0.19262280457890615
    ],
    [
      0.07278027519766148,
      0.3858135830146148,
      0.0,
      0.7299100803812756,
      0.16131373629892734,
      0.1514255068285985,
      0.28241525168851156
    ],
    [
      0.07270878440413711,
      0.20523600575179968,
      0.7299100803812756,
      0.0,
      0.22220387963921445,
      0.13928412393883258,
      0.24042777235960022
    ],
    [
      0.09769311109574344,
      0.10351946858532823,
      0.16131373629892734,
      0.22220387963921445,
      0.0,
      0.11689158785292308,
      0.16219544989463192
    ],
    [
      0.10161582604463337,
      0.12501577968257313,
      0.1514255068285985,
      0.13928412393883258,
      0.11689158785292308,
      0.0,
      0.16273141610052466
    ],
    [
      0.10410546119369846,
      0.19262280457890615,
      0.28241525168851156,
      0.24042777235960022,
      0.16219544989463192,
      0.16273141610052466,
      0.0
    ]
  ],
  "mi_ratio": [
    [
      0.0,
      1.7413286680850473,
      1.3920176098428112,
      1.2970365988502095,
      1.5947891788736694,
      3.4208666214554704,
      1.9837606978267928
    ],
    [
      1.7413286680850473,
      0.0,
      0.9797954135145439,
      0.9339508884013454,
      0.7550944448529988,
      3.3424973243649574,
      1.0505834274956072
    ],
    [
      1.3920176098428112,
      0.9797954135145439,
      0.0,
      1.1082473577095355,
      0.6000152860489344,
      4.820420301086248,
      1.0253188010114107
    ],
    [
      1.2970365988502095,
      0.9339508884013454,
      1.1082473577095355,
      0.0,
      0.6404073457868416,
      4.7103344973716235,
      1.0721932250536335
    ],
    [
      1.5947891788736694,
      0.7550944448529988,
      0.6000152860489344,
      0.6404073457868416,
      0.0,
      1.7715898656079212,
      0.8477972805151639
    ],
    [
      3.4208666214554704,
      3.3424973243649574,
      4.820420301086248,
      4.7103344973716235,
      1.7715898656079212,
      0.0,
      7.270638061053925
    ],
    [
      1.9837606978267928,
      1.0505834274956072,
      1.0253188010114107,
      1.0721932250536335,
      0.8477972805151639,
      7.270638061053925,
      0.0
    ]
  ],
  "delta_mi_ring": [
    [
      0.0,
      0.21541779034764277,
      0.18245628902949243,
      0.18983286498965396,
      0.21938740097374937,
      0.1980709184252143,
      0.20084501352768575
    ],
    [
      0.21541779034764277,
      0.0,
      0.6349137017100533,
      0.3959740804453545,
      0.24507956664103422,
      0.19623092087732213,
      0.29872399851928505
    ],
    [
      0.18245628902949243,
      0.6349137017100533,
      0.0,
      1.1696624718382407,
      0.3083784375933476,
      0.27167509015623637,
      0.44549989083102914
    ],
    [
      0.18983286498965396,
      0.3959740804453545,
      1.1696624718382407,
      0.0,
      0.3990211276507158,
      0.256451219967484,
      0.40339547814398147
    ],
    [
      0.21938740097374937,
      0.24507956664103422,
      0.3083784375933476,
      0.3990211276507158,
      0.0,
      0.20203624626296252,
      0.25792160161676275
    ],
    [
      0.1980709184252143,
      0.19623092087732213,
      0.27167509015623637,
      0.256451219967484,
      0.20203624626296252,
      0.0,
      0.24379799343316053
    ],
    [
      0.20084501352768575,
      0.29872399851928505,
      0.44549989083102914,
      0.40339547814398147,
      0.25792160161676275,
      0.24379799343316053,
      0.0
    ]
  ],
  "metadata": {
    "timestamp": "2025-12-21T21:16:58.103574",
    "n_timepoints": 5,
    "hours": 1.0
  },
  "statistics": {
    "mean_delta_mi_sector": 0.18705512403517405,
    "std_delta_mi_sector": 0.14227674011818484,
    "mean_mi_ratio": 2.017080137848033,
    "std_mi_ratio": 1.696119065866464
  }
}