{"pair_values": {"304-171": [0.0997384244165116], "304-193": [0.12017668176448604], "304-211": [0.09950066482327147], "304-335": [0.06347631063800119], "304-94": [0.12581505559106088], "304-131": [0.05206124801446199], "171-193": [0.3198770447781749], "171-211": [0.17867748408496853], "171-335": [0.125744312642456], "171-94": [0.15547781055730248], "171-131": [0.25581133880381257], "193-211": [0.6048574695694438], "193-335": [0.21654565566922557], "193-94": [0.16066210886376275], "193-131": [0.28594968068503324], "211-335": [0.21018782688491333], "211-94": [0.14788020215938058], "211-131": [0.23714307465618933], "335-94": [0.14059157231971664], "335-131": [0.12789145055474327], "94-131": [0.15803653916483418]}, "timestamps": ["2025-12-28T00:24:00"], "last_index": 13}