{"pair_values": {"304-171": [0.05591661268299397, 0.07601112918563402, 0.05267164083233711, 0.0810030923692655, 0.061729829491155463, 0.07273075405723706, 0.04001164282027858, 0.09569220135897627, 0.06903928611330601, 0.09137646227334484, 0.05580316321834422, 0.08178215303375236, 0.08930270144816532, 0.08108197417532814], "304-193": [0.04960936318695097, 0.05034962722202163, 0.07089243929123157, 0.04903417188971071, 0.046394956708542434, 0.046010984044449366, 0.08250476883264257, 0.04716707212880289, 0.05182296607151571, 0.05067904717325966, 0.045322528317932154, 0.06069083068867176, 0.05516620007778528, 0.062496292360894046], "304-211": [0.041034802050548436, 0.03436980176883342, 0.039424126665002834, 0.041077017534229654, 0.03930819323960799, 0.04860212403445363, 0.04064958591240808, 0.0417773071146077, 0.0445287244267798, 0.04293927133066511, 0.041223787241340126, 0.05496550444587722, 0.05552463170860067, 0.05723482589569828], "304-335": [0.027127050138342934, 0.024300690011013426, 0.023610215446180582, 0.02927493571837081, 0.04038010855081131, 0.04452804468828031, 0.01787536808126311, 0.02656906005505255, 0.025869856245310796, 0.02744251738384751, 0.027952893158474268, 0.028981446558044244, 0.01703955522481393, 0.04180224898805385], "304-94": [0.04827693589174098, 0.054296609181858635, 0.06953520101266975, 0.07921588867670915, 0.069584878871503, 0.06090041981997096, 0.15991058134004676, 0.0445582080817295, 0.058356881350514644, 0.06707923881315692, 0.02887271765404642, 0.02954407328021924, 0.04641632993173972, 0.022332504945084652], "304-131": [0.03259872060701552, 0.03950620349987277, 0.06265938980642405, 0.09393746663066427, 0.054318490716622314, 0.06504299587092888, 0.10964767090322747, 0.053103661224826126, 0.046135175283999796, 0.07702336618962358, 0.04108925652506357, 0.041160734984238445, 0.049884381508130016, 0.053661753392009626], "171-193": [0.27791447639283895, 0.277712413819609, 0.2632944656618168, 0.28244172329806627, 0.2603618089272217, 0.26125866648157814, 0.29042971101705417, 0.277826614017481, 0.280890833223558, 0.25794198633842536, 0.25346836913043536, 0.25271163774218763, 0.2599220980453354, 0.2592150377309528], "171-211": [0.16291971895247137, 0.16286356883770114, 0.15021466299939856, 0.15583904531992854, 0.15584674712934588, 0.15895355278802148, 0.14868677151054532, 0.16349257345148915, 0.09413556578731974, 0.13941230539967941, 0.14972670316573478, 0.14648030260853595, 0.1488577646640592, 0.14460496085329133], "171-335": [0.07621096603993038, 0.0936920656836211, 0.10348557757075572, 0.07193653664861355, 0.08725366629255271, 0.08167060706932494, 0.09697970266292577, 0.05590178312823735, 0.07388145955731673, 0.07514576145406515, 0.08419779727563537, 0.07266857902995749, 0.043152620192286495, 0.06016928340158634], "171-94": [0.06415961523676916, 0.051704199522474514, 0.11082112354776674, 0.10157670341128311, 0.06350720115247865, 0.06831306791964176, 0.2825844145892602, 0.10586746663319735, 0.08581049998806156, 0.09187431753725717, 0.01440908332521662, 0.03372576483049716, 0.05866643775979474, 0.04012862286465202], "171-131": [0.23203491964082001, 0.2291220037903683, 0.21667471912538305, 0.27090370207191894, 0.20781719986613156, 0.20898026326328356, 0.3524481820287906, 0.2562382533779335, 0.24339976648386452, 0.21309743067208764, 0.21313095280681615, 0.22211865253747698, 0.24557313641792877, 0.2501370294581786], "193-211": [0.4611548578938507, 0.47421707340411867, 0.4621160799616324, 0.4679109177320879, 0.46061544521388464, 0.46566733979185404, 0.4992792258632188, 0.4585639138406945, 0.3760835299174259, 0.4662183177532109, 0.47776446574097164, 0.44773627292022944, 0.4389790283676729, 0.4362026119590987], "193-335": [0.13427724721289502, 0.13320193529781, 0.06899139830865919, 0.1243510425117691, 0.13567090543515636, 0.14245971810255353, 0.14364425572416417, 0.09279879249857048, 0.11212635679720995, 0.14006423020101844, 0.14446088517182476, 0.1345630690661217, 0.062494851379756744, 0.13666578165225163], "193-94": [0.07481339287842292, 0.027879214286212317, 0.11963721924367698, 0.11847952234274439, 0.0639395931814839, 0.08042438853037659, 0.09135904517149429, 0.10224534855032452, 0.0853241043173445, 0.10473151394548585, 0.047508926297628484, 0.09475109375622726, 0.0687577261591037, 0.05294359242341251], "193-131": [0.23271004587877409, 0.2339701079384544, 0.2371211185144455, 0.2306182703457038, 0.23413543394073733, 0.2297666038697299, 0.3434456626344007, 0.22828420219172596, 0.24624273160886245, 0.25059945685615936, 0.21983414355647124, 0.22718360094766732, 0.2580270973217407, 0.21186622470186922], "211-335": [0.15728809285875522, 0.17560169915105117, 0.1099505366325193, 0.1481234611232507, 0.12664150895884552, 0.16905690964420161, 0.1782405227283559, 0.10789272527030924, 0.1199845088178142, 0.15910213448457, 0.16782147333748254, 0.15317686283917853, 0.07819154373345727, 0.18369338613742237], "211-94": [0.07261852074828212, 0.021729145306286668, 0.10617037430089304, 0.0947157826101952, 0.04431168667417218, 0.09265774332117704, 0.17199911168874982, 0.09798580684387037, 0.07768959915716334, 0.09040162784654937, 0.046391540105741313, 0.06734783801629796, 0.0688296883032411, 0.05469243516603717], "211-131": [0.17842157700326355, 0.18223017228829397, 0.1716320662295483, 0.17744124625487023, 0.16948345547113597, 0.17054186543644878, 0.21399933823092177, 0.16977945224455615, 0.15922925227180684, 0.1695066466767976, 0.16680684616795816, 0.16764955903283196, 0.18329321411329502, 0.16236308596976246], "335-94": [0.05436253308555372, 0.03606578901200397, 0.06104856146223847, 0.05646909303413228, 0.04054086623486375, 0.017636594929154148, 0.04747919612808249, 0.06851644498279041, 0.06090671191309194, 0.03850717546668547, 0.03625251400669405, 0.03917635747747328, 0.04173243507329283, 0.042688557896908064], "335-131": [0.10383278593887102, 0.10599958211004079, 0.08660289584170888, 0.10516437424394409, 0.1139312800539305, 0.12072132913384515, 0.07988426189054354, 0.09171519803483785, 0.09369878407296683, 0.11237603461667556, 0.12149768417411333, 0.0961165099302912, 0.07775575870084084, 0.11583227624316983], "94-131": [0.07168246009871182, 0.04601147127207872, 0.10154594757817526, 0.10318704719070126, 0.06816362925238773, 0.09710177840269196, 0.17415467215641955, 0.12382463443257707, 0.0825058236129026, 0.09609934381394547, 0.052300689047907634, 0.0660698573478753, 0.08621647002699628, 0.05649945118103106]}, "timestamps": ["2025-12-20T00:00:00", "2025-12-20T00:12:00", "2025-12-20T00:24:00", "2025-12-20T00:36:00", "2025-12-20T00:48:00", "2025-12-20T01:00:00", "2025-12-20T01:12:00", "2025-12-20T01:24:00", "2025-12-20T01:36:00", "2025-12-20T02:24:00", "2025-12-20T02:36:00", "2025-12-20T03:12:00", "2025-12-20T03:24:00", "2025-12-20T04:00:00"], "last_index": 31}