{"pair_values": {"304-171": [0.0935257112625596, 0.061011509620337634, 0.09851147388302728, 0.0656955904576606, 0.04311814363586741, 0.06043974672279129, 0.0545534803705654, 0.11952558608248154, 0.11425484832378885, 0.049720134878291855], "304-193": [0.0725250286015875, 0.050852801623075816, 0.07403941098726463, 0.04696348923393656, 0.0342550819024261, 0.0647861787697992, 0.05099541438115285, 0.05337477411511404, 0.08761783990478422, 0.05043131457338168], "304-211": [0.0516908653694923, 0.0334071469641275, 0.03015272501736188, 0.027592427542962428, 0.04391623367560671, 0.0466096073250859, 0.04265875757344828, 0.03553319820212941, 0.058073933107001485, 0.036330013197654054], "304-335": [0.05005799946428868, 0.02495578752638461, 0.014901656037464184, 0.024242701834171765, 0.02031302204777652, 0.004517339170146517, 0.036048246775068016, 0.027335202648002044, 0.04219494669807511, 0.020312243780121975], "304-94": [0.03487994967871533, 0.01941762386015289, 0.033513690360714055, 0.04736429844831891, 0.011280406337014215, 0.004930054400626771, 0.02700930490279818, 0.0637029770792279, 0.07951344239189773, 0.04886133446851204], "304-131": [0.08551867686608716, 0.0820482523463748, 0.02454259997558328, 0.12166205484051718, 0.03555691296892027, 0.06180267675110107, 0.03142243275145096, 0.04956571023112222, 0.051296884854083125, 0.046910212298459264], "171-193": [0.3506013821545011, 0.4277029395525265, 0.309215336251103, 0.2924653873423977, 0.2833129263412597, 0.33176174209516907, 0.2888803993994409, 0.3361958872045774, 0.29011488089462656, 0.2912839047050495], "171-211": [0.23909470308102465, 0.23939095834516877, 0.13089740052496968, 0.1917294550543649, 0.1633253533846335, 0.22160434497235038, 0.18813215120156546, 0.20785377239951153, 0.17246638495444744, 0.2026267710165297], "171-335": [0.05619062795687757, 0.050244584478878807, 0.04433533454897365, 0.0710321411758792, 0.06763483549395843, 0.05280722931053505, 0.06900326726629347, 0.06276609462152205, 0.14406348195175744, 0.13376124237503806], "171-94": [0.038098611583317954, 0.007604796198437125, 0.15391243573466595, 0.04377385726722083, 0.02331133850142253, 0.0073876764178595344, 0.015166121999962812, 0.07846366026574492, 0.16790168274562456, 0.0739034175669051], "171-131": [0.08706974706112103, 0.09133413916745159, 0.37969562526642564, 0.25044613144895633, 0.17589273278407092, 0.2274777668468997, 0.1955468586829685, 0.2161005876064559, 0.34326435235131014, 0.14149095408792656], "193-211": [0.6730081696498202, 0.7212444702148164, 0.3813505154446726, 0.38629699738706713, 0.5526420059195738, 0.6430773526557387, 0.6620651766721162, 0.728712416765303, 0.47747330822292944, 0.6415225354630221], "193-335": [0.07967299128910987, 0.10681903818830829, 0.027225080699065263, 0.05146138652871102, 0.04200626824770226, 0.09718030128641342, 0.0944292861750271, 0.09791608814935815, 0.1696489442050484, 0.2209838700252229], "193-94": [-0.002084332159933755, 0.01027491913986367, 0.1327908772940496, 0.023058886050997263, 0.014842596872779446, 0.003598477862540861, 0.015115004828179401, 0.10992217471461396, 0.19558261380863184, 0.06994433460744975], "193-131": [0.11723164586718049, 0.11637979893934292, 0.31838508290586964, 0.278116776987964, 0.18189987896411397, 0.2772568069923995, 0.21578002799412221, 0.29691202612069434, 0.2659523739932619, 0.12169286505670174], "211-335": [0.10089819611454542, 0.1396200660935878, 0.11815600762779455, 0.08507589252594072, 0.04803822300042637, 0.11877756810758866, 0.11372834268127052, 0.12241852113615392, 0.207694096205147, 0.2655543006972385], "211-94": [0.03268101311012028, 0.009440576430040704, 0.07983060296260869, 0.026696239573390956, 0.006326187562269769, 0.004376358455536744, 0.014809860025164046, 0.07562250543819893, 0.13309725608610412, 0.06095789588579237], "211-131": [0.11001741108061047, 0.10818068430780725, 0.16973412877307126, 0.20384079062007965, 0.1566437533466063, 0.21114840635908605, 0.17038600333839105, 0.22776456795214184, 0.12986160680994008, 0.05333849269657209], "335-94": [0.02654683323547591, 0.01566872795515417, 0.020419045848018902, 0.034229027452783, 0.014731281072653202, 0.009746400632833274, 0.009466472346574273, 0.057207847023393654, 0.09446700265083585, 0.057151632554754084], "335-131": [0.06197788212445393, 0.055762301140723336, 0.08685611867102083, 0.13278824754381557, 0.0522407798388298, 0.08690509579585726, 0.04516342036864307, 0.09215783095344121, 0.12438256234591605, 0.1298737727099879], "94-131": [0.08209588056139427, 0.011883258986230216, 0.06456323093633642, 0.05689306364200153, 0.027631113326453738, 0.00988709671135024, 0.024634240259617357, 0.10564042093235626, 0.20472362704307656, 0.03284762481095305]}, "timestamps": ["2025-12-16T00:00:00", "2025-12-16T00:12:00", "2025-12-16T00:24:00", "2025-12-16T00:36:00", "2025-12-16T00:48:00", "2025-12-16T01:00:00", "2025-12-16T01:12:00", "2025-12-16T01:24:00", "2025-12-16T01:48:00", "2025-12-16T02:00:00"], "last_index": 21}