{"pair_values": {"304-171": [0.0761703152081239, 0.041524037512941536, 0.03471266658166261, 0.0378062480252348, 0.08292242940016781, 0.07034614088091251, 0.04672205136422214], "304-193": [0.07499791717622184, 0.0375954306863, 0.02484088444776411, 0.03267402732849378, 0.10776829411032862, 0.07824222849998819, 0.03705141938551626], "304-211": [0.0567607046231966, 0.03036177383622074, 0.020940415159187653, 0.027403285221718754, 0.09210359582208993, 0.05272744418025588, 0.03980814344597827], "304-335": [0.022692645773815467, 0.01644310728526477, 0.016554568513525936, 0.014262484232848038, 0.005567769555961943, 0.0314295379943077, 0.04190568167043596], "304-94": [0.027104866467906774, 0.03228437519561633, 0.009725413090590107, 0.009379403762348804, 0.009144213148206681, 0.015250248879946304, 0.019769041756619865], "304-131": [0.012960982263273024, 0.008458974515877071, 0.010909690900174074, 0.01854807683491666, 0.059351853606756544, 0.029658744924571767, 0.017003709176572457], "171-193": [0.29468840210808267, 0.28443470934142034, 0.33636197131599666, 0.2941015316559845, 0.2680003637070256, 0.28602692235054494, 0.2490496983639301], "171-211": [0.2007072765234197, 0.18654085703333134, 0.29213493808258484, 0.29864427865419785, 0.22293451597525493, 0.20136602338365428, 0.12088663099966634], "171-335": [0.07549324737699425, 0.03367090172026721, 0.06973142171430968, 0.02442130763882222, 0.039451854230194705, 0.05791556897617012, 0.09657624095975681], "171-94": [0.10397324280767162, 0.05800432588705684, 0.03832372139539064, 0.06621335036767739, 0.07741138102906042, 0.12699105816136536, 0.04537476905979232], "171-131": [0.07504966526866719, 0.07350952298089952, 0.0814203537426832, 0.047781468981685116, 0.09789848840424131, 0.15439240577638857, 0.1316616536290418], "193-211": [0.7098688557997814, 0.6959698398723928, 0.8740907351807907, 0.8263903985363377, 0.8304184054326491, 0.7951481898291219, 0.389763196851004], "193-335": [0.1430720758272619, 0.07402343598766414, 0.14200870142079003, 0.07784599733568776, 0.08058269436779897, 0.11883462094375563, 0.19416860662316848], "193-94": [0.10970423851211919, 0.05613619295550887, 0.09944820350084083, 0.08820135300986731, 0.042790200850414184, 0.08150860048663988, 0.011241726115531758], "193-131": [0.07531086878329418, 0.11627936106938774, 0.21158471715277205, 0.05393846186369666, 0.1627604719108504, 0.165663463375874, 0.14357368741769538], "211-335": [0.1461483401519308, 0.1146213179683846, 0.1399820467461712, 0.16479943974376043, 0.16745693860668664, 0.19074931735033784, 0.25650263143857965], "211-94": [0.08966520280262058, 0.09143766480272042, 0.07212688788086297, 0.05045365824018555, 0.04969033982449478, 0.10014468928021714, 0.06890984355060636], "211-131": [0.1219992548858162, 0.1081153223697977, 0.185473972682753, 0.08936960144108941, 0.09856116560799011, 0.1971059953292853, 0.12834777926548013], "335-94": [0.0482466965964532, 0.05629190784372651, 0.06343084943549115, 0.04790043442716563, 0.06388067233657502, 0.07685401184876284, 0.08305115755567516], "335-131": [0.09174855082541722, 0.09841896576908549, 0.09429801155260886, 0.0737676703655703, 0.07466222437985737, 0.14004887407965239, 0.12877855598370913], "94-131": [0.10377845113487583, 0.07357906757155996, 0.08682891397118064, 0.07721191298563213, 0.07339454259407185, 0.10341783380009373, 0.06562966826129257]}, "timestamps": ["2025-12-17T00:00:00", "2025-12-17T00:12:00", "2025-12-17T00:48:00", "2025-12-17T01:00:00", "2025-12-17T01:12:00", "2025-12-17T01:24:00", "2025-12-17T02:12:00"], "last_index": 22}