{"pair_values": {"304-171": [0.008992676647320508, 0.03367375075644441, 0.002663510326533558, 0.027636453406131523, 0.023230490465802056, 0.013511993807195033, 0.0391899808433096, 0.02643684830898141, 0.010488004148836438, 0.027573602718038437, 0.1228500651318507, 0.06353421991611974, 0.03801724700391773, 0.042857397588717205, 0.027825065312039987, 0.029325453310327543, 0.016669104458375994, 0.04009961766317938], "304-193": [0.021535533598886936, 0.04865046913322413, 0.0043809171808781855, 0.12134557564562387, 0.027482780629850545, 0.027101058781292764, 0.07013654741489406, 0.09567510607229002, 0.02473358806644832, 0.05785165804365988, 0.12075127851086398, 0.08052572903373445, 0.05550423600906118, 0.06279569102925775, 0.05370443284978954, 0.049279242394539846, 0.05499136061307164, 0.0779848653026276], "304-211": [0.028407029230964387, 0.04751234587916464, 0.007241270200248007, 0.12857139463631295, 0.03129567028971603, 0.03079241924144993, 0.05683000799731719, 0.095844008319379, 0.02918342644331684, 0.06189112341243086, 0.14233044900737646, 0.0876943138859998, 0.07062347922168755, 0.06637179723710362, 0.06663980179689011, 0.0636794897703119, 0.09286922556263022, 0.07236091381141874], "304-335": [0.02966856765098469, 0.023179910135149973, 0.011815671946506567, -0.00013201101464832554, 0.029478270081526148, 0.018075028664213733, 0.02939072091997863, 0.010215847702413794, 0.01165945343716468, 0.03425407342289155, 0.042160683492117546, 0.006669989818325561, 0.004304740269570617, 0.0061456960297121555, 0.015790032911449647, 0.021980038993007156, 0.012694032898864949, 0.014622828252026876], "304-94": [0.07009554558971365, 0.11423958887263042, 0.0329755314311827, 0.02259949911924286, 0.03812874164689806, 0.028756082838018227, -0.001707758141422211, 0.03772493208695882, 0.08072926266360492, 0.050729646195608824, 0.06371602107641161, 0.047977282341272964, 0.03686158305191678, 0.04391376814618275, 0.02272051920687579, 0.0345174028517119, 0.04529842287944663, 0.037930228568904045], "304-131": [0.017004954809371364, 0.015825131130048575, 0.0020155690277217087, 0.009705981896648064, 0.016780993032541214, 0.02068259545458817, 0.003347055676416466, 0.03823355957665542, 0.0155480473899543, 0.04051543605761232, 0.06539567770175969, 0.012809069017914787, 0.02580742009175596, 0.006228964736563203, 0.027506047118660004, 0.035294763568993526, 0.016315047822821338, 0.03431688520959886], "171-193": [0.41492826491098445, 0.3488096814520145, 0.45940330917925554, 0.407308493691128, 0.41542815804721656, 0.4097235509533488, 0.37975099469752926, 0.3452538997122976, 0.32837827797553354, 0.34888084190700575, 0.36834150514615516, 0.4108853364006344, 0.4325980727390446, 0.43442070971923386, 0.38710593886154454, 0.42127276429111626, 0.3568543335177363, 0.3569422676987273], "171-211": [0.30090189343246854, 0.2415558161425575, 0.2696127328543305, 0.23327704864350274, 0.22782175670471805, 0.2343793207925886, 0.20425798024592146, 0.180389126515744, 0.18733960802432703, 0.23554929124957136, 0.25901216445887965, 0.2007042637348957, 0.24455271903411546, 0.2239654401675506, 0.24470264571745393, 0.29828098697688654, 0.14376911684098648, 0.25183078617810706], "171-335": [0.055262412444284426, 0.0908143919667097, 0.046278671002634386, 0.05601280627733063, 0.040020166777518185, 0.07437444017366479, 0.04565831593625003, 0.03746088155341987, 0.06347104926105951, 0.08202800233497598, 0.061737595853214255, 0.030745223044212455, 0.008256042382658535, 0.06700256514161085, 0.06699879522606578, 0.09458945741728453, 0.020841482154167146, 0.04011983876675407], "171-94": [0.06901907951398556, 0.04607021088362995, 0.04456009416461315, 0.04140264016630635, 0.1393106703352962, 0.06400868595988207, 0.04153504529152352, 0.05840679513141156, 0.1954146108265209, 0.09408616483785348, 0.09702395764228022, 0.07869365537253081, 0.049256072904085624, -0.03679817269380159, 0.03737084916106914, 0.03737517385502409, 0.031909136374476565, 0.027358812191363047], "171-131": [0.1361210934591055, 0.06878822430867748, 0.13879778917495011, 0.07835167656049835, 0.026304190779126824, 0.0726865135928052, 0.005818006307458212, 0.0832858650559114, 0.05416470663064521, 0.16845291993133849, 0.09382375957764477, 0.057731006133615814, 0.1260252033674072, 0.21072262059202318, 0.07831468250803919, 0.1622804803856508, 0.09680703040457228, 0.042659158452209134], "193-211": [0.6729948856103012, 0.7458013031599404, 0.7739565405825242, 0.8148297718547921, 0.7295554196855973, 0.7511804762919199, 0.7962671001218737, 0.7283640895721764, 0.755698503823409, 0.6723758679033605, 0.6565595497037067, 0.7689007285044274, 0.745681992387349, 0.7076516217197844, 0.7755794879945692, 0.6939396535828273, 0.6092269311805043, 0.634239565832301], "193-335": [0.09623270801046457, 0.10903558284211412, -0.026694800160921073, 0.08369564540423324, 0.05201029021997439, 0.17850441587840393, 0.09899086500196752, 0.09552298035016227, 0.17820399799293885, 0.2395719517135273, 0.25812378289868665, 0.07472917845065163, 0.02631160652173703, 0.10516232630915523, 0.10056673502259494, 0.11501404178531072, 0.05517445958246192, 0.08573134027776419], "193-94": [0.2223422964620676, 0.030187247986524834, 0.04186861372165662, 0.017626761091730447, 0.09385488318200164, 0.030989944739134412, 0.01731687832474771, 0.08735552368475119, 0.07160950911760544, 0.08917168627689787, 0.16118935198800877, 0.08343495669608725, 0.05668966592838398, 0.044362210819341996, 0.046775386745125935, 0.061071423218157506, 0.025821701610801995, 0.008637931901416263], "193-131": [0.25777505972389303, 0.1673939732998555, 0.20030906318628539, 0.20514853757344342, 0.05801580501015602, 0.24312239704591132, 0.014672082720204038, 0.18948656279611953, 0.09043013078951034, 0.3587529604744253, 0.13647717764828604, 0.2605334530573855, 0.15993172654718935, 0.32908117786312907, 0.23806792754254724, 0.34635746099858755, 0.13402843658802022, 0.12119356224973377], "211-335": [0.13645045970635472, 0.1171408996451655, -0.02944699381002991, 0.11688861561248398, 0.0761142520190341, 0.23158671674972542, 0.11557009094054749, 0.10818274174761111, 0.22878181422606403, 0.276895326815326, 0.25856326078876224, 0.09318008293840307, 0.02882174570876772, 0.11359993272742441, 0.10787432795596397, 0.11193397111123149, 0.074181767463942, 0.10945739848448666], "211-94": [0.0505890481814677, 0.014452947665989146, 0.05188864019062445, 0.005628380994030291, 0.04030011127601707, 0.023731721846462772, 0.0027326317734410743, 0.06820175472130341, 0.06838846043873525, 0.06203218620049222, 0.08329631400893689, 0.08935144917179683, 0.05529835756543866, 0.02959538721284405, 0.07847536609062411, 0.06283014982572555, 0.010650686720651503, 0.006515980638875263], "211-131": [0.2410158137324121, 0.1571669361348378, 0.19423690898309243, 0.2387038102630492, 0.061983977210986474, 0.23884277270699217, 0.017074700259518405, 0.17340562493645795, 0.08337394807036924, 0.2967363036435562, 0.12882316337488664, 0.1521521592257744, 0.15499860134673016, 0.2507384916977715, 0.22624217013607506, 0.2691986563167532, 0.12452841108115331, 0.1293707573166909], "335-94": [0.03976241146397941, 0.048342000749866054, 0.06789300301219403, 0.0950204442242526, 0.03898719231253844, 0.03855773215708336, 0.011705998822707953, 0.019070838279841684, 0.09580267069034276, 0.07860191174034581, 0.07674226203982171, 0.03652850342016212, 0.00406054100006803, 0.03674095061324101, 0.0460232395297433, 0.06385794728451244, 0.02788378507296252, 0.020133025860826326], "335-131": [0.1385622249122056, 0.10200485387299896, 0.08627010049835238, 0.028969988169006422, 0.0304575622058188, 0.09284360984786799, 0.008855615538628403, 0.04595775264705648, 0.06821079783345907, 0.22132893855254876, 0.15394552180783516, 0.05058782970721998, 0.009208471659371442, 0.07858035361181681, 0.07242401758071826, 0.12368491896703038, 0.027909898249922405, 0.024150392309741697],