{"pair_values": {"304-171": [0.06746228157941392, 0.09524504244994025, 0.0655923122324209, 0.046323468480716556, 0.081498969046645], "304-193": [0.0747720201558344, 0.08678723383854114, 0.06780732459536631, 0.048644843449656694, 0.08014754219310527], "304-211": [0.07512088023868313, 0.08644784147053475, 0.1176325080256353, 0.04109556472646547, 0.08215748779968068], "304-335": [0.022264592472541755, 0.07710341521199293, -4.340214994069669e-07, 0.022155884470267395, 0.04497714282680931], "304-94": [0.05949763539293951, 0.1116895376125917, 0.12760460026920395, 0.07773731954545493, 0.09585733126792118], "304-131": [0.06703689696564918, 0.07858655174566564, 0.08500965946497052, 0.022594368108034946, 0.1410896613549757], "171-193": [0.2584258575370604, 0.30016221461188275, 0.37861875696004077, 0.3556475512818045, 0.34577664033731903], "171-211": [0.18374039437619105, 0.19335735711215563, 0.21852830462531703, 0.21813034519905816, 0.19186231712328095], "171-335": [0.06801374792838488, 0.09381119432171259, -1.1105762798280239e-07, 0.05555356689168489, 0.07624123684122797], "171-94": [0.09643209936549568, 0.15289106500314187, 0.12270347166922502, 0.0740848338618516, 0.014429852537507948], "171-131": [0.16014888381728953, 0.2869296039946865, 0.24632665396831266, 0.09232869692509915, 0.24820718536636122], "193-211": [0.4404855044066103, 0.4987873621840029, 0.626149321402786, 0.64753461005095, 0.6990710576958397], "193-335": [0.21865322699895007, 0.1780796881591078, -0.0009859991374989718, 0.12368844664878598, 0.11906492865543594], "193-94": [0.10919930111553966, 0.0992999489154971, 0.1450061288596043, 0.061407507761390256, 0.06523037692872613], "193-131": [0.2605377881476483, 0.33076228238145244, 0.35690749708808367, 0.16064739955183116, 0.21037930207994027], "211-335": [0.16561970607249732, 0.22168325437263992, -0.0005113016097890721, 0.15247405973665362, 0.15308239910190968], "211-94": [0.1088628152211073, 0.0954866295987653, 0.13683976976172385, 0.05839405831184408, 0.03877024767654147], "211-131": [0.16623560816884297, 0.19698554159574977, 0.3118671505192805, 0.15018811811104893, 0.2069177370920423], "335-94": [0.17126623373338834, 0.12611811731081835, -6.713967093396889e-08, 0.0972291841709666, 0.06271725953050677], "335-131": [0.21285238322051736, 0.181389915611053, -1.1491478502101415e-07, 0.055090633827155955, 0.13208761148168024], "94-131": [0.17490487891136652, 0.11853434356303882, 0.14989086977560673, 0.08078863507557998, 0.10429609372178361]}, "timestamps": ["2025-12-29T01:36:00", "2025-12-29T01:48:00", "2025-12-29T02:00:00", "2025-12-29T04:00:00", "2025-12-29T04:12:00"], "last_index": 32}