{"pair_values": {"304-171": [0.03754932276043288, 0.021541347966909097, 0.09008597383328532, 0.05084677380167513, 0.03661874510563834, 0.01347414464926766, 0.01645813913926064, 0.008254290066477488, 0.019972166455933138, 0.07861823369616783, 0.02138939851609445, 0.029114388631770183, 0.018378023342930483, 0.05476999469705568, 0.006781485959198363, 0.024521319237461814, 0.09907420701515157, 0.05538154789323313, 0.025511716515279836, 0.05419352628393881, 0.014324006940929834, 0.04835688238401126, 0.046178152849837506, 0.014391673682732531, 0.023326205793604782, 0.03470016667760634, 0.045545162138949546, 0.050431628858733646, 0.0016041326943256884, 0.039722988116368096, 0.09253512566806998, 0.07129568215763094, 0.08992289262411957, 0.14074664742103327, 0.19757775330485083], "304-193": [0.01913854204387766, 0.017221961777428074, 0.03275286301342817, 0.05670973425553605, 0.026007198324067726, 0.01446383544415708, 0.014549420929567347, 0.0037306248988908663, 0.04569637044731589, 0.002940681654214128, 0.01926548098860792, 0.012753481003773048, 0.0049560038577833865, 0.0695818142268041, 0.0077311814675917745, 0.02058465118162367, 0.049589577001138085, 0.05987209095026014, 0.02747595012356996, 0.04457148683236678, 0.011894234075464194, 0.038966603895832286, 0.05239909757419392, 0.012932929403837612, 0.034930309855539576, 0.04216270731499616, 0.06681159662288483, 0.06536880722406213, 0.004268924167174948, 0.029208995529147685, 0.07304729149056577, 0.03368271398395528, 0.13545435938033457, 0.06973326295427729, 0.11371273239270563], "304-211": [0.032185889131773004, 0.016814791709680144, 0.03201744403843465, 0.054059966698716266, 0.028041532094121635, 0.023619473437707317, 0.015326833451823063, 0.0074548025931591155, 0.0676258383373809, 0.02443980788006561, 0.01209474494302265, 0.015452618502148407, 0.015086839943775576, 0.06496029856519359, 0.016662258976844146, 0.025949053591208138, 0.025579181678609952, 0.04826919838679, 0.005827750529260989, 0.03444130083342989, 0.0076443697676933375, 0.02109375996305518, 0.04385127123503141, 0.012338546708273501, 0.025131280502042497, 0.0350895464574128, 0.053163166829161224, 0.06287214645652561, 0.0038620957062422967, 0.04906171285384575, 0.05854879941009994, 0.08450798896836242, 0.11885752262100491, 0.09244329262671735, 0.08540493134154437], "304-335": [0.015646943384505008, 0.018070850140762484, 0.034185600542830485, 0.03851888056356412, 0.025964653910600655, 0.01950599916520024, 0.03489094227648515, 0.03658293081519859, 0.038866942910276814, 0.03504557585219448, 0.03710645627009779, 0.01153362708661887, 0.009519629130077867, 0.03204005240075869, 0.0211729193540533, 0.03535856860134068, 0.01843763358076389, 0.04318051868299211, 0.012317471385492773, 0.005747132903166863, 0.005580595693838619, -0.011510295997669173, 0.03291865767848501, 0.018418952977838243, 0.03315407187273256, 0.029834349602409382, 0.03742491451177132, 0.06743145144253049, 0.0036954663386659092, 0.061552202634601816, 0.060171066409103524, 0.11371720754242154, 0.09495810961609719, 0.05518226767068324, 0.05431025980582982], "304-94": [0.05256999213403479, 0.030204629327293286, 0.14792625371781254, 0.08932640884362364, 0.050993629852721156, 0.05088767810920736, 0.05298836906195925, 0.011989123940921331, 0.035785194764552886, 0.09232649795615466, 0.02598037184094082, 0.042788300797323764, 0.016221024552325658, 0.015153484073951118, 0.01743974076676824, 0.005835899562034508, 0.02060590980243049, 0.10173016527698175, 0.008774332030960563, 0.004544916522086995, 0.012065957882899991, 0.010198166914921591, 0.07726198124883132, 0.05072836697924643, 0.060705743935625556, 0.0644846470905387, 0.07736814973165274, 0.08812514117337411, 0.007845797740609228, 0.05215518501297467, 0.14775512884999387, 0.22210540281316327, 0.14202189077284588, 0.040488554481054706, 0.04361054253724639], "304-131": [0.004535330287605888, 0.018118799406210417, 0.08352573560231846, 0.062192033472542096, 0.025623919634624737, 0.01751059645871056, 0.012686802010819953, -0.0068554915462173405, 0.06899745873692975, 0.07428867740962097, 0.010174840213086012, 0.03772503821228801, -0.0012142782154886955, 0.03892594497434354, -0.00029511784192326473, 0.0064954030375659055, 0.007702932484011882, 0.03366380080530984, 0.0027980631989044102, 0.018675232462067815, 0.008827453517685324, 0.001166721952798433, 0.03973212370724499, 0.012048999026486262, 0.02890723425921049, 0.03397712459901081, 0.04846496389878352, 0.08448968473902152, 0.0038011719654165166, 0.035230466423552764, 0.0493667572492309, 0.2301630782700339, 0.034395233980841766, 0.1303116034109597, 0.1048821000864888], "171-193": [0.2978869171686793, 0.41317955850552934, 0.3269657516433506, 0.3231933289306381, 0.28767964615549246, 0.3639346280869562, 0.4288485844018286, 0.32311943707122914, 0.3396750596763143, 0.353006252211844, 0.37185647988933823, 0.31620601400146553, 0.42594190566655055, 0.32908545147775925, 0.36010733063587086, 0.37592313187030335, 0.39525701615562525, 0.410618794843832, 0.3730937879790206, 0.40935167497467795, 0.3538559498743705, 0.3462100306406395, 0.37282372822892107, 0.3834030095406611, 0.3569142694618739, 0.35949975097761744, 0.3617463339656837, 0.3042368902915227, 0.34614667084265527, 0.31566542169695166, 0.328486328649376, 0.343318768665001, 0.34357837361781973, 0.3415289591512014, 0.3674475386093361], "171-211": [0.17964259895724988, 0.2314810551282802, 0.2041232314705308, 0.18005286765495265, 0.19727819844658834, 0.2172609425285632, 0.2529607815695627, 0.19968908571547406, 0.1928154012842378, 0.21539621438560275, 0.21593705087798032, 0.17702965213345, 0.24695882077868347, 0.1831803087337298, 0.1999026068641081, 0.25664019338210675, 0.23401895154212493, 0.2559463899755796, 0.2614647515310402, 0.2081412599345036, 0.2440520908440611, 0.2521290296565075, 0.20819425370395006, 0.1940358849266577, 0.2055217341956732, 0.17603423256411244, 0.2200833660815924, 0.19029160641336018, 0.20845719056446033, 0.21504995828856543, 0.20544007846648693, 0.29092451685492104, 0.21632985475671784, 0.21995175846228632, 0.21229067568065485], "171-335": [0.08249867190441607, 0.08459086420997819, 0.08770066910081509, 0.12733609209825358, 0.12395599133011226, 0.09385239977090887, 0.0473947930706915, 0.09686175898024629, 0.09866583102483562, 0.10250969692670253, -0.004940670426546667, 0.06500686220666774, 0.11295742123040764, 0.07428828193837322, 0.09894934925264431, 0.10021423516021022, 0.05216651469956446, 0.10633114570230395, 0.09650616175190496, 0.04941769923272732, 0.09709178818112818, 0.07955604358335977, 0.058147918812766264, 0.06979618970866541, 0.051301706558552596, 0.07149625983448038, 0.0750302807890022, 0.07514938503878632, 0.09812955935636936, 0.12467945765925936, 0.12697861789625087, 0.08661257188793137, 0.12535521052454213, 0.10309868676460443, 0.10839228714622973], "171-94": [0.10400154420288477, 0.06621965778421757, 0.0826488640924028, 0.13486864310143787, 0.09624752966300276, 0.06745005858267739, 0.04420787176706531, 0.1257389085825964, 0.053790509210187576, 0.10578483044957743, 0.07825643868551246, 0.059650995429566755, 0.07861303278537868, 0.012950955949596832, 0.09222060805306476, 0.0035043061186084135, 0.04418181987344161, 0.08640751249184264, 0.05289452437481268, -0.004152221137107226, 0.010953316295099214, 0.029575687828451436, 0.1010075548694771, 0.08165472612188118, 0.07500579354410553, 0.08678441012989335, 0.09433215909111148, 0.08138553277424831, 0.08057258092328023, 0.057063198874305776, 0.022497941079233197, 0.15453814434916158, 0.13517695737217617, 0.196448407924243, 0.030341463424318427],