{"pair_values": {"304-171": [0.08932852125446678, 0.031234256344425892, 0.03472183378144722, 0.1905282310138432, 0.05537143803996303, 0.008963137721055059, 0.04078119420893245, 0.04975258040460817], "304-193": [0.061560898554016585, 0.05716308575571638, 0.07246767211805949, 0.10571258883981871, 0.05838361586612706, 0.05639210101545311, 0.06911004842966495, 0.05540050360976201], "304-211": [0.07753689369288708, 0.06811784105339802, 0.061984491214045256, 0.08194386218514893, 0.06337164846561905, 0.06241410611431064, 0.07294956706555356, 0.07566683070885771], "304-335": [0.038837217127202894, 0.028906395962053022, 0.040657781011955274, 0.04747079915757846, 0.05637300631444653, 0.051510073853318517, 0.038133071453707146, 0.0430090318184817], "304-94": [0.060320574148674755, 0.08317060931001241, 0.029409339329299344, 0.24208568938867914, 0.07167564500925838, 0.05220583728740147, 0.053366211889976034, 0.046872872729033954], "304-131": [0.08680527885656142, 0.0476525775383807, 0.04758157574845501, 0.0359622196392575, 0.06131949581092089, 0.09955424303037375, 0.05225953287755081, 0.04649561880813158], "171-193": [0.3055378864908973, 0.30149161007326963, 0.2814128962961373, 0.3383672248946348, 0.2907880532745999, 0.33847901163855587, 0.3207246033197202, 0.2741036725354271], "171-211": [0.18616326465186983, 0.18236519481089264, 0.1785079300876493, 0.21339301734316862, 0.1657006561319294, 0.18865653283392536, 0.18841598070201915, 0.17354893005680205], "171-335": [0.07442602566721401, 0.0748775447423049, 0.04211276424360255, 0.029113704616678504, 0.07796612878929787, 0.0930571511589644, 0.08539196346834732, 0.051553787940203044], "171-94": [0.07045604700566299, 0.1167391189259126, 0.06919388763173906, 0.09699682657319242, 0.09901001937808918, 0.05220370937414476, -0.017225532521823794, 0.07420553509269912], "171-131": [0.2549644885175395, 0.2933704356433333, 0.18841057420958895, 0.3207527322623034, 0.2649074943490555, 0.30502649715856345, 0.18692597109345233, 0.25977532490504895], "193-211": [0.8390763367577319, 0.6371399960393709, 0.7692980144842543, 0.7157450667281942, 0.7549329358115542, 0.6896252563948781, 0.641360654466582, 0.6593684303834175], "193-335": [0.29328647895705773, 0.17252356478596242, 0.17121965160704322, 0.2638815424921823, 0.21928874558266154, 0.056484073681825286, 0.10383030591677178, 0.2362716268478957], "193-94": [0.1345089119564613, 0.15364732841357087, 0.1538443122185602, 0.1847761447472167, 0.12194936388116284, 0.14156483250445095, 0.0375596495087227, 0.10137253551873915], "193-131": [0.33787198345319513, 0.31242468281105484, 0.24808696694794863, 0.284298843988136, 0.31387478943181923, 0.3175061419351741, 0.2872149011432281, 0.18955203248555996], "211-335": [0.2964624370432376, 0.25216507927640563, 0.12369267754031155, 0.26745427758900897, 0.2775978334620244, 0.16129256602788145, 0.17419305290251552, 0.33326061848739164], "211-94": [0.12355174543207603, 0.1224697850934855, 0.19544970786571092, 0.13005455525143272, 0.06912391108221394, 0.07664457388961976, 0.07029991742222252, 0.1963598424945352], "211-131": [0.3555539007681521, 0.23571053162787026, 0.34875601567881853, 0.2096578979900654, 0.23799077133242585, 0.26450560738823725, 0.2532018668793454, 0.19259803428660138], "335-94": [0.05821762262699304, 0.07805050911179245, 0.12339720571005741, 0.05368856284661083, 0.11920331284599062, 0.04477410256416259, 0.07366281795490703, 0.0643234462428659], "335-131": [0.18327911847988387, 0.14525377101310388, 0.19731771851204982, 0.1461075970681227, 0.15661853639962509, 0.12456665921110521, 0.14646871126941452, 0.12910329499966622], "94-131": [0.10736562745940859, 0.07145285291544834, 0.16302672064549917, 0.1289848615004323, 0.14175018735911404, 0.1141299904847708, 0.07631181485489846, 0.04215816601256561]}, "timestamps": ["2025-12-27T00:00:00", "2025-12-27T00:12:00", "2025-12-27T00:36:00", "2025-12-27T00:48:00", "2025-12-27T01:00:00", "2025-12-27T01:12:00", "2025-12-27T01:24:00", "2025-12-27T01:36:00"], "last_index": 19}