{"pair_values": {"304-171": [0.07350856556072749, 0.07966389302003218, 0.08561733743821787, 0.08335558876026461, 0.056570894326519294, 0.10890425255059277, 0.07051956403718118, 0.04228923265513718, 0.046466326055734974, 0.05980265371525251, 0.07396875195172647, 0.05858538272342084, 0.050119915655098435, 0.07392256713224521, 0.07048014420350324, 0.06294301146622594, 0.055267995617759524, 0.11303151230631325, 0.07872599875691266, 0.04760135262824061, 0.0275879678581461, 0.034095344632712354, 0.05360845945333281, 0.02990565017004787, 0.05265703247069853, 0.08620302873210095, 0.10862320086175181, 0.10569556615049525, 0.040365418567600564, 0.09035504840688402, 0.058158375945440266, 0.13777976579912066, 0.043982174682781316, 0.07135051637565004], "304-193": [0.059311166330557, 0.0863081947507145, 0.0722357369655513, 0.08999634276960222, 0.08860469631022827, 0.02608158021263307, 0.03649725175504526, 0.051821666248731635, 0.10115666951323288, 0.07721347872385698, 0.07262761806302942, 0.054249564722002486, 0.05509368649076363, 0.07765667407543386, 0.056289347283097424, 0.0822447905419037, 0.07026631960959451, 0.0650003336045537, 0.07065996286332821, 0.05554807405348017, 0.02891614487334815, 0.08613805898942895, 0.035956157814299505, 0.020389263913570543, 0.06968676251517136, 0.07403590571645013, 0.07232821970822156, 0.0737769583243848, 0.03343569605497487, 0.07701182861772393, 0.05786194597604144, 0.10624633128653782, 0.06335186807970805, 0.051625686573785856], "304-211": [0.05233038080213426, 0.09518015010150949, 0.09283812309964246, 0.0883452620376528, 0.08757435467699093, 0.025320543639607562, 0.028504327483747316, 0.04691241101241994, 0.08383268589209614, 0.0826397121272624, 0.06323435005199851, 0.050841206253448235, 0.05683803818431521, 0.0854542515333323, 0.06855842451830352, 0.0724664129978092, 0.09623841583919601, 0.09137248163242928, 0.07297843676461158, 0.054263639320344836, 0.030080078488254003, 0.07096547907547635, 0.029956230899832903, 0.01923247288744201, 0.06953979704789504, 0.05585601937499041, 0.09000148280544717, 0.07788203749211142, 0.026803429189001804, 0.06985280830269103, 0.05886949424607546, 0.11737243132175967, 0.0670266630483165, 0.04045429495432673], "304-335": [0.026639810647431705, 0.039808322336921886, 0.02257303801208188, 0.045334139990959255, 0.04064803955971019, 0.01438776216533355, 0.03778760363647149, 0.0408890526942054, 0.01966171604339051, 0.01810449158668126, 0.03705917729694641, 0.032656261723284175, 0.02085833030762574, 0.01106386489755784, 0.03421892031020479, 0.016881311792454667, 0.016888566659051474, 0.02049011504838738, 0.008131912869463465, 0.009480517556919199, 0.0045365404789954045, 0.00381049705626868, 0.033325435845677154, 0.013011595684968569, 0.02305387676488113, 0.02712264010654719, 0.03828139491958549, 0.021090747626024697, 0.013328084500128456, 0.015051570014456339, 0.021933339781742167, 0.03161680583204651, 0.0070846041439556195, -0.011382278399171497], "304-94": [0.0512851630007245, 0.07632933614986825, 0.07163272337514748, 0.06749120477127013, 0.09540346159257806, 0.04111418533228495, 0.055782670712153815, -0.003736807518571972, 0.06251667731379262, 0.04391916615112823, 0.040123096802756386, 0.05056251531460787, 0.023537752627931674, 0.011252861257000535, 0.019083525371832, 0.03585257058917923, 0.10191175362238991, 0.02554914200058689, 0.04348312862257275, 0.019254673908691622, 0.03246458451902523, 0.050077072741188555, 0.029542160331466616, 0.021000757585811047, 0.043736450917196246, 0.05660017019815733, 0.09250491554022267, 0.1134082925472244, 0.060280086980031955, 0.05612903591562168, 0.030468359271939027, 0.005017545816288216, 0.036007058227058186, 0.04030975513553825], "304-131": [0.03567984636731314, 0.05490756993203583, 0.11275078451334952, 0.08366379474883257, 0.025471202159597528, 0.016749150912584776, 0.016734706103657127, 0.019341577390795894, 0.058671950537123596, 0.05981978542181787, 0.0505127076408427, 0.04374721261143932, 0.048471633604858066, 0.045005841554221604, 0.023036717193577694, 0.056174685807553804, 0.07076409219212731, 0.005519902215641359, 0.047975298122975296, 0.07513310048994981, 0.023115569434123517, 0.032854256840074925, 0.013031018471987732, 0.008451367754529898, 0.04449544925804716, 0.026303164647067945, 0.08295072758550193, 0.06128442008621304, 0.016578708103157203, 0.03082727122104889, 0.03161080291677543, 0.07443604453427088, 0.0644391722569666, 0.03293628900450285], "171-193": [0.262570479205817, 0.24907255011630358, 0.34353303188948203, 0.32002216887021095, 0.28252348334773325, 0.3034262421534222, 0.34856610058210924, 0.34026871496374866, 0.3252891248024574, 0.3614791240475448, 0.3314888361670816, 0.34601042445745644, 0.3263732575844216, 0.3325249192965023, 0.31425472973109736, 0.3298252963817907, 0.29848362216945157, 0.33226096193662746, 0.3326547458416398, 0.33155922937319726, 0.3469107172609469, 0.37827144505746535, 0.3613711773618675, 0.35117456428943017, 0.337747711623162, 0.30931936757899114, 0.35920751941700013, 0.3599046031888893, 0.2829142629254835, 0.28500662689039924, 0.33347189406134525, 0.3807930036639502, 0.3112213937187409, 0.31744897626580526], "171-211": [0.1506098934668736, 0.18505378978749887, 0.22569778605354696, 0.21173666409854874, 0.18618042524155554, 0.18530305932625968, 0.17244807541671303, 0.23096098578103907, 0.23031387837882678, 0.29006370999632214, 0.24995837881628447, 0.22391306621483364, 0.20854829353716697, 0.2444746594359435, 0.24788002803909182, 0.2131121876383988, 0.1925276828551734, 0.20901451163635842, 0.24426497668639735, 0.2421929666562983, 0.29500444691456273, 0.2633690511404514, 0.22763593917281177, 0.20757675965863953, 0.19210496655228004, 0.1786761023259298, 0.23225735569983508, 0.22077179031485494, 0.21528205067843764, 0.16609035969214503, 0.20589307674312884, 0.2566817744730572, 0.23659050386600766, 0.22940686197768967], "171-335": [0.08531635490046519, 0.10185468294084954, 0.10495590544743205, 0.12387022018740756, 0.08020064951992945, 0.030159518034246435, 0.018832993256624242, 0.08795894657579018, 0.09897815300524515, 0.0871958450323489, -0.005268880971631695, 0.09259152157205808, 0.06774053555756465, 0.04713202742019185, 0.09076098899766016, 0.05307621694046505, 0.06632173379606998, 0.09805222554105164, 0.02461286163253229, -0.00286309568274401, 0.007673259951456846, 0.0021108950951229666, 0.08058693618327295, 0.0623193124682202, 0.05395285613279022, 0.0813183176800436, 0.1022111364942937, 0.06652423208441283, 0.05877686394621895, 0.0315111359320035, 0.05767511807517289, 0.06701288758092527, 0.07019888972319022, 0.051303223169254064], "171-94": [0.11341589555275267, 0.1247618418379215, 0.07023103762368832, 0.11176895901644501, 0.11298490132209382, 0.0950700158132407, 0.0606476478836111, 0.09967872498021979, 0.042584861154330245, 0.05523294984839078, 0.050647370386042834, 0.07762958852348545, 0.03875229718880968, 0.025754276075498517, 0.012254409279019107, 0.0317735117253668, -0.004133450602731958, 0.06123382658287513, 0.027516782239505932, 0.07824103753707723, -0.04562372129849557, 0.01360978269548152, 0.08508281192522826, 0.060878451915184595, 0.0248633228902313, 0.09739890741914392, 0.127840158348846, 0.13743159601167587, 0.034342776491499194, 0.06367000209883722, 0.054650304115147375, 0.0033126847677587, 0.042725230820060744, 0.1290646547786567],