{"pair_values": {"304-171": [0.1209385810308845, 0.08130476079707805, 0.0888846945324766, 0.0914962856527155, 0.13611204693823264, 0.11596560673381306, 0.10163568490421326, 0.08661285883792358, 0.14506341501650422, 0.10905480283591151, 0.15315817200892257, 0.1387170710122283, 0.10011442425760642, 0.10039515229742602, 0.09779794373705819, 0.10068570108791519, 0.000840762462108291, 0.11420790565972538, 0.047627708510953326], "304-193": [0.0548272602185822, 0.06726507096698153, 0.07758459057060563, 0.06601680223851014, 0.08471810321206164, 0.06287118834377381, 0.07689718809999846, 0.06073240609432551, 0.0814553878111286, 0.05981651696794055, 0.07899452587163092, 0.07605172093705637, 0.08534430373089696, 0.07079454049167744, 0.059112818622324426, 0.07393028536175095, 0.0012295718476520445, 0.06936270558234625, 0.0783047168329789], "304-211": [0.06463589124725821, 0.06537085375442198, 0.07535606439730635, 0.06925140750487913, 0.06522243216598689, 0.05430910508407427, 0.0754141002090507, 0.0618414456837475, 0.05659528519873236, 0.05422836410635368, 0.05914919459370083, 0.05813162979120934, 0.05160379777244595, 0.04767069529664436, 0.03962181505270257, 0.05384681268746894, 0.0013055550813760863, 0.04739798123740524, 0.06429565572306473], "304-335": [0.03111007030123858, 0.022991404050565656, 0.02013382897092586, 0.02705162266638217, 0.043828543737225, 0.03433409686493216, 0.034574043359173245, 0.04455829613782214, 0.033005194289176476, 0.023157486293203355, 0.025743606506684058, 0.02892725088596171, 0.04121112629630708, 0.038210340662683695, 0.02688669185251591, 0.03715079907161378, 0.0024487784025132298, 0.0402864342608078, 0.04586459142739763], "304-94": [0.06680013186329381, 0.08164945475188601, 0.03961333565179137, 0.0583098508477633, 0.050676536877871214, 0.08897037796116525, 0.02010211688529351, 0.040341619638720516, 0.049146937766402, 0.04094152541106055, 0.061765996550138924, 0.10976571963683623, 0.053530045100310675, 0.06202584014215207, 0.07462671692233025, 0.04016642742069232, 0.005015033193394802, 0.07647711004226743, 0.08711845676232777], "304-131": [0.06654034512084994, 0.07257315432036382, 0.004172906487164063, 0.07094160614283762, 0.07417709433293629, 0.07359309387179591, 0.11266407085279351, 0.07723201442959526, 0.1052682556782738, 0.10666515308713542, 0.06679876583475641, 0.025400991072812573, 0.036138065973572164, 0.07943730965871643, 0.08298997205265701, 0.11939769506294695, 0.0019236093713306257, 0.06371618281596447, 0.13128345031415423], "171-193": [0.32114411494451556, 0.3175892061106418, 0.3311501040673397, 0.326260875804925, 0.3460328600163205, 0.30237088599422757, 0.346523446705155, 0.32684289231934827, 0.33110101823642246, 0.2834249643138218, 0.33560181657615296, 0.33270123705049137, 0.3307567637524249, 0.31754972099255996, 0.33854630014773335, 0.30945717453792376, 0.3400980622379368, 0.3160378017585801, 0.3410311866795839], "171-211": [0.17374037305951706, 0.1837908519401732, 0.1775368368730197, 0.17705658551374714, 0.19319635842786376, 0.17262408382283567, 0.18095078149730703, 0.17084207690233377, 0.18700180941241085, 0.17159078297302344, 0.1968403558596563, 0.17120503727815883, 0.1798115750454201, 0.15801479972978028, 0.19138032668314153, 0.17583166669635197, 0.1970902220450057, 0.16737746793138086, 0.16430316852249494], "171-335": [0.07276384535760716, 0.049932143301566256, 0.035088321095116726, 0.05567965114888551, 0.04656450744634988, 0.07690884904928819, 0.05515663951202132, 0.07698599096810055, 0.06337242726487258, 0.03912156035952652, 0.047802926095386056, 0.0738083594951564, 0.035651294849381454, 0.07004023124550063, 0.06696119515959253, 0.0560787686503077, 0.08441237368171528, 0.09341698213701566, 0.07005871417208853], "171-94": [0.07287290332411933, 0.10474796752381854, 0.05856136378657517, 0.06676316043373998, 0.09644850981398001, 0.11192481107576091, 0.04687310169822689, 0.043681050371674246, 0.04273720361625166, 0.05390845511653142, 0.06206303506398081, 0.10683852030529994, 0.05247999148430793, 0.030493516200099435, 0.09280138729544829, 0.04399623535404329, 0.07634162599189587, 0.04273173301086608, 0.08818400803813287], "171-131": [0.20265066137654486, 0.2193773216545063, 0.267697096354357, 0.30374334275973425, 0.208568166595811, 0.26277278637055, 0.24786023088444864, 0.23758382726686333, 0.3051443191154468, 0.30518694001035573, 0.25026424765478383, 0.17094911359402065, 0.23640194695675198, 0.2714181887332887, 0.22928118780393048, 0.3119113376755811, 0.15590344722604543, 0.27217682580171454, 0.2188664156312532], "193-211": [0.659801704309217, 0.7373437975977923, 0.6719626744221197, 0.691657303382355, 0.7148527965668556, 0.6457205391823031, 0.7047300476860254, 0.70391830092432, 0.6711275757539115, 0.6618992462228865, 0.6544226777823394, 0.6496081511937413, 0.6636640262480054, 0.6873408546468718, 0.6751066852971976, 0.6955274173416028, 0.6518817885932848, 0.7210706635087436, 0.6999034543569023], "193-335": [0.0891776608728736, 0.06944441803311197, 0.06416768439510445, 0.08980210528575316, 0.05458710299405123, 0.10474974605041965, 0.08578693864021503, 0.11810371413970921, 0.09408093130817541, 0.05710575762157122, 0.06833633529445304, 0.11025934883213262, 0.08544166717097079, 0.11148429254152381, 0.13721838000303777, 0.07671544677131115, 0.1083732548622014, 0.15590042227315903, 0.10750395100727994], "193-94": [0.07408437694429848, 0.09370501576742596, 0.06126650338521866, 0.06368309435683006, 0.08112679035698678, 0.11463056200762889, 0.05690402373753756, 0.027186912215427572, 0.04104545841781526, 0.037643361359045224, 0.05325693264860387, 0.09759763763475071, 0.04758660714571494, 0.02089251901272826, 0.09358719281700001, 0.04734435380640534, 0.077716686499266, 0.09122201221601722, 0.08042881502806809], "193-131": [0.20424499484349656, 0.2045351321044815, 0.2022554657193787, 0.27936098678955457, 0.23147865366567277, 0.18910121599673113, 0.23575607967848988, 0.22901999125262495, 0.2770153271694684, 0.2523135119680977, 0.3313061580682657, 0.19850220385843853, 0.1713421615617312, 0.24651656281839207, 0.2117423417899924, 0.2710933329988663, 0.18327402190926767, 0.1646167746952032, 0.1899468669287505], "211-335": [0.11189829258340733, 0.07530930299608318, 0.05981844971570904, 0.0966842810226669, 0.07322011650972238, 0.11035527437613224, 0.09547501372891531, 0.12564328300736172, 0.12768330866272048, 0.0628595231432203, 0.09336489349694777, 0.12198107551102799, 0.10194049263225868, 0.11854525182140607, 0.14165338513360615, 0.1277699133632786, 0.12474152414547768, 0.1942844526100247, 0.10362266426600408], "211-94": [0.061217236209262005, 0.07375530399700203, 0.042662148222926355, 0.060585260007118835, 0.06160076101053047, 0.09609611353312353, 0.04544545343824691, 0.037453488048874606, 0.04289812576038532, 0.038367140530533694, 0.04936387081129512, 0.08426521862336767, 0.044958292966873925, 0.024743072719295878, 0.07719292013937773, 0.03686508531193322, 0.06515980614553363, 0.07417778003756093, 0.0610916205182952], "211-131": [0.12911693153109605, 0.1721075715068099, 0.1516003123641818, 0.2387455863042076, 0.16910145868009518, 0.1485620269588055, 0.14535914132282324, 0.17038122747983353, 0.18657753151230905, 0.18156543798473468, 0.16424718463283927, 0.12403631282983119, 0.12891988685335587, 0.1704709783827396, 0.1537605331885854, 0.18754716831497786, 0.11883192867178183, 0.13413824024723286, 0.14363701408687302], "335-94": [0.05145337524223792, 0.03002628251466244, 0.024994488451628438, 0.042106579152111245, 0.023268939023964874, 0.05558496572756755, 0.026350500981150216, 0.03739928937295334, 0.03386218478655145, 0.03143603016338903, 0.04181944576810093, 0.05630380420605796, 0.03729992439091823, 0.03639025072448976, 0.05249348601696813, 0.04313692906704247, 0.05344830056903782, 0.06370389470950277, 0.04421123934277005],