{"pair_values": {"304-171": [0.04968979154094466, 0.06283540254499398, 0.10593064110247497, 0.12534262657530215, 0.10327015479791468, 0.14022262638583882, 0.031746285800603236, 0.08464056373986839, 0.030001400699997127, 0.09303723666881725, 0.07602513297509406, 0.07415841908383625, 0.0777491665657557, 0.09041901649163853, 0.09411502312289688, 0.09343959422564119, 0.11118753910794865, 0.07951604952907898, 0.07290568620310811, 0.06841017028361351, 0.0657652016453687], "304-193": [0.06014116524912394, 0.09400725710463931, 0.08546234702795763, 0.052248960190778515, 0.047596761388752906, 0.09612741682385728, 0.030799160168855977, 0.05277538961968853, 0.046602714731336814, 0.06531578803188509, 0.06821264812703287, 0.07299747802599832, 0.07354538275011757, 0.0756398406892207, 0.07048322002503449, 0.06471909511061513, 0.06925611452094271, 0.04987103436050733, 0.060281041895049015, 0.057145333280254285, 0.04526958188431074], "304-211": [0.02454631192280754, 0.0812680513326196, 0.04552000720935867, 0.057186173108855876, 0.060671873724605696, 0.051178786273946564, -0.0020317907066895735, 0.04266243239684586, 0.036895562540867566, 0.04553276355121305, 0.047752702457497964, 0.04790412215062689, 0.07214896471751908, 0.04128535598911487, 0.039582838350268545, 0.04151264060998727, 0.046205171759432506, 0.041393837632743846, 0.05240180182956067, 0.040785625203675124, 0.028118112949219842], "304-335": [0.03743725324473379, 0.058192824253798126, 0.032980670974060544, 0.024787480574873122, 0.03447006913168549, 0.03878511154182007, 0.030729124851149425, 0.0314729025060263, 0.04016512337721356, 0.025531933067780788, 0.032681912719025874, 0.02651948655932701, 0.024339463997449462, 0.029645199156133506, 0.014109386581572014, 0.026956495201395203, 0.03827520688940411, 0.018559400650162372, 0.024214517739989283, 0.03581173831102191, 0.026905900759809587], "304-94": [-0.020599868141997213, 0.23755611721686343, 0.2475085415894318, 0.16733968572269697, 0.10142166321355273, 0.19391895697178052, 0.02865941605592992, 0.052377336884601, 0.034925959221057123, 0.03832097257490008, 0.06159538438439638, 0.01160244332972793, 0.03993657892256808, 0.024060773654003942, 0.07266536335810692, 0.06211009234152143, 0.054207105317488624, 0.04169224166109986, 0.07378259344638849, 0.07269046279114244, 0.09035253712866576], "304-131": [0.11756587943949359, 0.0046398400605269785, 0.15450139973706056, 0.046850102278502614, 0.10736686339874213, 0.10460692795890081, 0.004184752063231656, 0.03206141539756757, 0.09754581042686672, 0.056022475064252175, 0.061910129544033854, 0.05760742959199039, 0.08759404063757259, 0.08002897855581237, 0.07146088096864922, 0.057034954572285024, 0.04943977733547111, 0.049006421437013614, 0.08944867877940954, 0.057294181379413, 0.06109717325443409], "171-193": [0.32744470604640874, 0.3135156907810197, 0.31629458221952333, 0.310727689834299, 0.30303679600314126, 0.3091778119615336, 0.3129601058082949, 0.298979706764928, 0.2983265505593913, 0.34503012992489257, 0.3302426715776132, 0.3114871649595763, 0.3009335206637509, 0.3063571360862438, 0.3401399162690808, 0.3679862336092832, 0.34370924231734445, 0.31107914794962266, 0.3198270565448551, 0.34388617833216495, 0.2971061527599539], "171-211": [0.21414464130698274, 0.1862954954073004, 0.18126470088571356, 0.18601396907329804, 0.1828416895119367, 0.1641461277901124, 0.17700648947225428, 0.1886648196311791, 0.1625186167539434, 0.18018985437867752, 0.18760168207477168, 0.1806895431931066, 0.19303002191195517, 0.19660839842293942, 0.190143129810469, 0.1801211306417665, 0.18769539420058745, 0.16632132601837846, 0.18077624433000494, 0.14290267562617798, 0.1393926166763606], "171-335": [0.11632322887100255, 0.1139265149530484, 0.10789743260183648, 0.10763462382875755, 0.07763378550916133, 0.11287031877400899, 0.11166781620829713, 0.08559807397697483, 0.06053793492198656, 0.0656416820080592, 0.0699180858830295, 0.07297077928001539, 0.05248626789244648, 0.07179534234883977, 0.020126382237423357, 0.06883636626180412, 0.09228760718301166, 0.04333410500440893, 0.09082868881905792, 0.0783999985264563, 0.09571633977597438], "171-94": [0.15320991303925924, -0.038601592374222005, 0.08091586735778922, 0.18311667205159043, 0.15819884622986846, 0.12846186996884779, 0.11608948582906375, 0.07132558835237068, 0.05708321788652437, 0.041934264157220014, 0.047763149313260644, 0.03833176809957184, 0.04402748329225359, 0.0639667855660071, 0.07854158152429136, 0.07248741351435539, 0.0672965953550948, 0.06772766400412511, 0.10802912886446059, 0.06300019534180468, 0.044838951638861424], "171-131": [0.44643345489594966, 0.30507668290324874, 0.3709286918574346, 0.18508752562628672, 0.3484885598512344, 0.44047671819639556, 0.30183119238822, 0.26525269353740955, 0.29822983533802283, 0.22211823780314832, 0.20027985400775616, 0.22293734385362818, 0.19601837988952608, 0.21986211763442665, 0.24860197544486784, 0.20518176718803938, 0.25558737371471096, 0.195760641403957, 0.29606559047924463, 0.2657086053561013, 0.32265397269385243], "193-211": [0.7553380514973926, 0.7251938416138377, 0.7967613871085493, 0.6975083594603078, 0.6749935107414138, 0.6855048598368891, 0.696087474881689, 0.7668571952447198, 0.7530624231686285, 0.8155490962746605, 0.8079701272838964, 0.7976531763875689, 0.8181727163275596, 0.8229304473735333, 0.7932927513771872, 0.8343479614817593, 0.8336402609039641, 0.7131820352957776, 0.7334124009773078, 0.49501665489300306, 0.48399754394169703], "193-335": [0.20011302191967317, 0.20124914081311118, 0.1836362981584303, 0.2033618985062482, 0.1735282401074647, 0.18038550684520427, 0.1971101498506158, 0.1357824029158885, 0.07245400216860887, 0.13399642777285248, 0.10379896942479583, 0.10815127709530126, 0.06870959825243883, 0.09208673368224929, 0.04609831359000305, 0.10319947539745167, 0.1267113769662349, 0.05382295590354991, 0.08308039701781755, 0.1178307632155775, 0.14756459924827947], "193-94": [-0.061615689020287245, 0.07271127707552827, 0.07683101301521322, 0.18656148083552315, 0.13917909990551403, 0.07885019785007374, 0.14629880892566582, 0.03770066468979527, -0.034450471023471874, 0.0435504235958204, 0.06612779918138667, 0.06361262923803945, 0.08240638382253129, 0.060216855018206505, 0.06866863693572967, 0.064764105987003, 0.08122638506973123, 0.07785686179804197, 0.1317070374117888, 0.06842928604572229, 0.13014842485783662], "193-131": [0.3610883200566519, 0.44554066980693996, 0.20276990607415568, 0.24044569508467806, 0.29086668954912875, 0.30917828519323454, 0.35166283218778993, 0.2581230644520347, 0.28092229017848336, 0.21656696518869278, 0.20340227966293378, 0.19556173390216047, 0.23232203266328888, 0.2344745153210659, 0.2092692021849163, 0.2995987026389648, 0.2226842108939735, 0.2671636800936166, 0.29833283804313737, 0.2289953910440583, 0.2799661288703459], "211-335": [0.22143899561122815, 0.21956046627124515, 0.21664284772607623, 0.20960447880405475, 0.17328061891089241, 0.21660885707988475, 0.2250482131967786, 0.16061256843019622, 0.10808837398433813, 0.13029276288844605, 0.12521574663152046, 0.13259027084812391, 0.09623357817784894, 0.08009012735548238, 0.05079024662537357, 0.11485390242512583, 0.1441344488262044, 0.061712122723922125, 0.10495903218937741, 0.12378656633060903, 0.15015062546372326], "211-94": [0.16338823776153388, 0.035037014677431255, 0.011531975731897237, 0.15268814387559804, 0.11396098597568871, 0.13776034943008364, 0.12320756005823075, 0.05858382836925724, 0.03374047315520645, 0.03654424766176012, 0.058008305005528005, 0.03728771266655073, 0.04317681016482977, 0.03222921184556338, 0.06186784584941307, 0.06575886560013755, 0.05890770954418212, 0.07014391667015873, 0.08740828711220727, 0.08342901951103388, 0.06560940729990783],