{"pair_values": {"304-171": [0.056080467768262476, 0.07724261382321274, 0.06320204465381085, 0.12712106910849696, 0.09315713947040027], "304-193": [0.03226821004199576, 0.04630388792186402, 0.04110369870602426, 0.038398395905697935, 0.054156752636612016], "304-211": [0.03808047973080608, 0.03503687720877657, 0.03846703155850317, 0.026931951325776637, 0.03542410207570601], "304-335": [0.0187159164566415, 0.018882456273514592, 0.030904425714660455, 0.04017271528174504, 0.026041342622075137], "304-94": [-0.007261604319457771, 0.03134150421976223, 0.03943084727271695, 0.07046126918477236, 0.06623842490865872], "304-131": [0.03960039906804469, 0.03844370756403093, 0.04855434497779054, 0.03161889774325344, 0.06225127785527995], "171-193": [0.17907771423573027, 0.27822462769723355, 0.3112144576399287, 0.27649269016001865, 0.2791858932389748], "171-211": [0.11586234095792003, 0.15005853823755277, 0.168386529361912, 0.14748291331617525, 0.15989779570788487], "171-335": [0.07501840851623598, 0.0924389724493766, 0.07434778500432104, 0.03550948643644869, 0.0943556025444714], "171-94": [0.04556103256178656, 0.05288468198462937, 0.06110148356410816, 0.09944013794362849, 0.08506945517687337], "171-131": [0.1670991814011249, 0.20485416614812468, 0.26066053635257047, 0.2116188639813652, 0.28527878513720184], "193-211": [0.366265272058403, 0.5656906355685871, 0.5858969424261642, 0.5362694607336005, 0.625896488164015], "193-335": [0.07866887057959637, 0.15323159683778176, 0.11390827501277556, 0.10461962626387056, 0.11761318732894699], "193-94": [0.042171244255330365, 0.041312632401862004, 0.06565739087157851, 0.10013912568107397, 0.08102162154613879], "193-131": [0.15394934387120052, 0.21417405576339643, 0.22381428233051892, 0.18161329531214676, 0.1911228790760724], "211-335": [0.10033913489726531, 0.12879778562102429, 0.1181177775982265, 0.1278758540186713, 0.13645510067956224], "211-94": [0.0443860940197256, 0.04835479165829981, 0.05796216311912472, 0.07531413923578789, 0.06228776089301702], "211-131": [0.1512100961803058, 0.16789216265977958, 0.13463022516335021, 0.14515419580775468, 0.15359053266390754], "335-94": [0.0292477124921251, 0.04729059735792429, 0.044168864085154524, 0.061771221931882225, 0.058056727595613644], "335-131": [0.0718804338789869, 0.11482218466259608, 0.10241581891432405, 0.09389390336787162, 0.1277353429251633], "94-131": [0.04198335776053108, 0.063486396584292, 0.07433442317599526, 0.09792032188620992, 0.048712272826077374]}, "timestamps": ["2025-12-25T00:00:00", "2025-12-25T00:12:00", "2025-12-25T00:24:00", "2025-12-25T00:36:00", "2025-12-25T00:48:00"], "last_index": 15}