{"pair_values": {"304-171": [0.024168892210798987, 0.01051994733689865, 0.0309099355171516, 0.018258598284230487, 0.024349761367229217], "304-193": [0.08797536162003095, 0.023415440510448526, 0.04171415821608049, 0.009587479500040352, 0.034632618747586275], "304-211": [0.06152138179517008, 0.009771613101362098, 0.05573638585204188, 0.048894662383110354, 0.03526676499570769], "304-335": [0.022264812486361585, 0.026812563518919585, 0.017235263676066204, 0.01879099485570057, 0.017718520634981694], "304-94": [-0.037398447744092955, 0.019346399285581795, 0.04365784650676319, 0.055792241228824535, 0.031759067386398776], "304-131": [0.044604084755724305, 0.006286557398033521, 0.028847946593783202, 0.002673203027973692, 0.004595728167880786], "171-193": [0.28936710251707387, 0.2843104187820087, 0.3353387777776584, 0.3715369347784421, 0.41688204452208755], "171-211": [0.1587230239415236, 0.0311463973244388, 0.20962336572848494, 0.2070939983156812, 0.20725683752057744], "171-335": [0.047395513194167904, 0.047718546173050935, 0.09149225445711684, 0.05011301547928104, 0.03102926404402684], "171-94": [0.006343036267747237, 0.07158059887998958, 0.06826035912262762, 0.07365773702090772, 0.03678713867706662], "171-131": [0.15722769252744406, 0.09248246733737187, 0.17554662036763036, 0.19058093247174002, 0.07179525673296805], "193-211": [0.6332720816610493, 0.11425486679944075, 0.42987065460746043, 0.46367003191158096, 0.5444336108448136], "193-335": [0.11163455983882864, 0.13188988586292405, 0.13718898714239147, 0.11605247101757987, 0.06791012784600836], "193-94": [-0.01627470618498217, 0.08774704518494003, 0.07946341649170785, 0.08756888704179477, 0.04809978191843989], "193-131": [0.24180306765810444, 0.2100618426942944, 0.2772976994632148, 0.2120623254021896, 0.17240992714072245], "211-335": [0.21571175259970277, 0.085442542803007, 0.09930808520098067, 0.1426675691251993, 0.11949855950717225], "211-94": [0.11216972918814516, 0.03546307406153226, 0.07505297247586729, 0.08819133734524032, 0.04153948901386917], "211-131": [0.2923171238041671, 0.07418045709288901, 0.20607903583331266, 0.17050153713464367, 0.18995941002447525], "335-94": [0.05459321945730666, 0.04902466041416531, 0.032997148787668795, 0.07243802185569992, 0.056176157276186967], "335-131": [0.10515433670237417, 0.06421696501263474, 0.13667607468103382, 0.09443140444535425, 0.09406724295004687], "94-131": [0.00021399720591785965, 0.07970347820193302, 0.08387267848808921, 0.08434593795502576, 0.03295050659388998]}, "timestamps": ["2026-01-02T00:36:00", "2026-01-02T02:00:00", "2026-01-02T02:12:00", "2026-01-02T02:24:00", "2026-01-02T02:36:00"], "last_index": 24}