{
  "timestamp": "2011-02-06T12:15:00",
  "method": "synchronized_native",
  "resolution": {
    "euvi": "2048x2048 (native)",
    "aia": "2048x2048 (resampled from 4096)"
  },
  "max_dt_min": 2.5,
  "euvi_coupling": {
    "171-195": {
      "delta_mi": 0.1256025753055905,
      "mi_original": 0.2865612126272583,
      "mi_sector": 0.16095863732166782
    },
    "171-284": {
      "delta_mi": 0.05063743635243556,
      "mi_original": 0.11967981641109704,
      "mi_sector": 0.06904238005866148
    },
    "171-304": {
      "delta_mi": 0.09605774873683082,
      "mi_original": 0.21255264644859473,
      "mi_sector": 0.11649489771176391
    },
    "195-284": {
      "delta_mi": 0.14271789376523802,
      "mi_original": 0.238004836435731,
      "mi_sector": 0.09528694267049298
    },
    "195-304": {
      "delta_mi": 0.07579057127085997,
      "mi_original": 0.17274313317355272,
      "mi_sector": 0.09695256190269275
    },
    "284-304": {
      "delta_mi": 0.07029507768309662,
      "mi_original": 0.10178059039161913,
      "mi_sector": 0.03148551270852251
    }
  },
  "aia_coupling": {
    "171-193": {
      "delta_mi": 0.25569580479135023,
      "mi_original": 0.5082723272332599,
      "mi_sector": 0.25257652244190965
    },
    "171-211": {
      "delta_mi": 0.18065429501687102,
      "mi_original": 0.39252316203605275,
      "mi_sector": 0.21186886701918173
    },
    "171-304": {
      "delta_mi": 0.09886790462191009,
      "mi_original": 0.2562282468257946,
      "mi_sector": 0.1573603422038845
    },
    "193-211": {
      "delta_mi": 0.6206509783620477,
      "mi_original": 0.9872999815367338,
      "mi_sector": 0.3666490031746861
    },
    "193-304": {
      "delta_mi": 0.06406043092548153,
      "mi_original": 0.16019273422556957,
      "mi_sector": 0.09613230330008804
    },
    "211-304": {
      "delta_mi": 0.08593276761078616,
      "mi_original": 0.23602846209872919,
      "mi_sector": 0.15009569448794302
    }
  },
  "comparison": {
    "n_common": 3,
    "pearson_correlation": 0.9700982660924425,
    "spearman_correlation": 1.0,
    "spearman_p_value": 0.0,
    "pairs": [
      {
        "euvi": "171-195",
        "aia": "171-193",
        "euvi_mi": 0.1256025753055905,
        "aia_mi": 0.25569580479135023,
        "ratio": 0.4912187566318625
      },
      {
        "euvi": "171-304",
        "aia": "171-304",
        "euvi_mi": 0.09605774873683082,
        "aia_mi": 0.09886790462191009,
        "ratio": 0.9715766618517319
      },
      {
        "euvi": "195-304",
        "aia": "193-304",
        "euvi_mi": 0.07579057127085997,
        "aia_mi": 0.06406043092548153,
        "ratio": 1.1831105438398246
      }
    ]
  }
}