{
  "global": {
    "full_dimension": 10,
    "participation_ratio": 6.815655379599862,
    "dim_90_variance": 7,
    "dim_95_variance": 8,
    "eigenvalue_spectrum": [
      0.2209712889149513,
      0.19383990753883779,
      0.14624423582397933,
      0.13659428916460598,
      0.09583960435529977,
      0.08437599427814028,
      0.03976728412513543,
      0.03652022770475624,
      0.024096867178417664,
      0.021750300915876184
    ]
  },
  "regimes": {
    "quiet": {
      "n_points": 31,
      "participation_ratio": 5.371243858691851,
      "dim_90": 6,
      "volume": 174874.62728841684,
      "entropy": 1.8782116973650016,
      "top_eigenvalues": [
        0.2819057200213414,
        0.23372028368143485,
        0.17497711321510082,
        0.10401788925284239,
        0.0713288478858267
      ],
      "local_dim": 7.847635954307536
    },
    "active": {
      "n_points": 20,
      "participation_ratio": 4.850058063683265,
      "dim_90": 5,
      "volume": 4139.176880116188,
      "entropy": 1.7822004480455995,
      "top_eigenvalues": [
        0.3327256387416307,
        0.22111046525005817,
        0.14917869960509814,
        0.12502184005146524,
        0.07236762091558852
      ],
      "local_dim": 4.571882546823088
    },
    "flare": {
      "n_points": 7,
      "participation_ratio": 3.110407239385535,
      "dim_90": 4,
      "volume": 486.4162017447153,
      "entropy": 1.3440101113712861,
      "top_eigenvalues": [
        0.4857080642523052,
        0.2268566644010861,
        0.14481767534066473,
        0.11287702591324289,
        0.017701224342548196
      ]
    }
  },
  "interpretation": {
    "dim_ratio_flare_quiet": 0.579085091128792,
    "vol_ratio_flare_quiet": 0.0027815138724640687,
    "expansion_during_flare": false
  }
}