{
  "flare_id": "custom",
  "flare_class": "unknown",
  "peak_time": "2024-10-03T12:18:00",
  "phases": {
    "before": {
      "n_samples": 13,
      "mean_94A": 5.408352793077413,
      "pair_values": {
        "304-171": 0.06958407379158357,
        "304-193": 0.08528677722178608,
        "304-211": 0.08576183353521281,
        "304-335": 0.05902525557470993,
        "304-94": 0.06732165394240999,
        "304-131": 0.09651802017096028,
        "171-193": 0.3618955319968042,
        "171-211": 0.21356682758818452,
        "171-335": 0.0988003600870894,
        "171-94": 0.07675441268952746,
        "171-131": 0.19272916958601222,
        "193-211": 0.603421014267641,
        "193-335": 0.16375303243264744,
        "193-94": 0.08542197492662666,
        "193-131": 0.26582781657068194,
        "211-335": 0.20714411956605064,
        "211-94": 0.08911126262820722,
        "211-131": 0.24286501405267996,
        "335-94": 0.0867255503602076,
        "335-131": 0.17215107723174447,
        "94-131": 0.09795514856618523
      }
    },
    "during": {
      "n_samples": 4,
      "mean_94A": 4.129690158023253,
      "pair_values": {
        "304-171": 0.05272492013529673,
        "304-193": 0.09481911152869271,
        "304-211": 0.07146391637980609,
        "304-335": 0.04592616080693998,
        "304-94": 0.06907986087651297,
        "304-131": 0.05339152859576052,
        "171-193": 0.33760952059849164,
        "171-211": 0.2550604914932638,
        "171-335": 0.07200705189115952,
        "171-94": 0.047216657810568385,
        "171-131": 0.16622277907389932,
        "193-211": 0.4261123925696066,
        "193-335": 0.08801675693984207,
        "193-94": 0.04902591089687325,
        "193-131": 0.16717914576163861,
        "211-335": 0.10972891639721954,
        "211-94": 0.07509578447582566,
        "211-131": 0.1724037315095705,
        "335-94": 0.057223409677477466,
        "335-131": 0.09084345415808862,
        "94-131": 0.07339601845610161
      }
    },
    "after": {
      "n_samples": 13,
      "mean_94A": 4.255070879196199,
      "pair_values": {
        "304-171": 0.04811784489115097,
        "304-193": 0.07293984090008988,
        "304-211": 0.06520958242615231,
        "304-335": 0.03239987929357026,
        "304-94": 0.017347426081207224,
        "304-131": 0.017133592521403562,
        "171-193": 0.30423100494249944,
        "171-211": 0.21756707527584768,
        "171-335": 0.0998990995656434,
        "171-94": 0.044952491910450955,
        "171-131": 0.07103275849096803,
        "193-211": 0.3950883945368013,
        "193-335": 0.1405952544154542,
        "193-94": 0.041299036238621536,
        "193-131": 0.08788686254265736,
        "211-335": 0.21760527217716635,
        "211-94": 0.017440168660381825,
        "211-131": 0.08658619661923447,
        "335-94": 0.0372091684503643,
        "335-131": 0.0502668193395518,
        "94-131": 0.02195782896474739
      }
    }
  },
  "coupling_change": {
    "304-171": {
      "before_to_during": -24.228465994651234,
      "during_to_after": -8.737946368289604,
      "before": 0.06958407379158357,
      "during": 0.05272492013529673,
      "after": 0.04811784489115097
    },
    "304-193": {
      "before_to_during": 11.176802099249263,
      "during_to_after": -23.074747564980143,
      "before": 0.08528677722178608,
      "during": 0.09481911152869271,
      "after": 0.07293984090008988
    },
    "304-211": {
      "before_to_during": -16.67165517110378,
      "during_to_after": -8.75173691911055,
      "before": 0.08576183353521281,
      "during": 0.07146391637980609,
      "after": 0.06520958242615231
    },
    "304-335": {
      "before_to_during": -22.19235586568542,
      "during_to_after": -29.452236537319582,
      "before": 0.05902525557470993,
      "during": 0.04592616080693998,
      "after": 0.03239987929357026
    },
    "304-94": {
      "before_to_during": 2.6116514243797755,
      "during_to_after": -74.88786766346063,
      "before": 0.06732165394240999,
      "during": 0.06907986087651297,
      "after": 0.017347426081207224
    },
    "304-131": {
      "before_to_during": -44.68232097882939,
      "during_to_after": -67.9095298972878,
      "before": 0.09651802017096028,
      "during": 0.05339152859576052,
      "after": 0.017133592521403562
    },
    "171-193": {
      "before_to_during": -6.710779562353649,
      "during_to_after": -9.886722269212372,
      "before": 0.3618955319968042,
      "during": 0.33760952059849164,
      "after": 0.30423100494249944
    },
    "171-211": {
      "before_to_during": 19.428889951528653,
      "during_to_after": -14.69981336502143,
      "before": 0.21356682758818452,
      "during": 0.2550604914932638,
      "after": 0.21756707527584768
    },
    "171-335": {
      "before_to_during": -27.118634155090543,
      "during_to_after": 38.73516126815386,
      "before": 0.0988003600870894,
      "during": 0.07200705189115952,
      "after": 0.0998990995656434
    },
    "171-94": {
      "before_to_during": -38.4834615287067,
      "during_to_after": -4.795269307711669,
      "before": 0.07675441268952746,
      "during": 0.047216657810568385,
      "after": 0.044952491910450955
    },
    "171-131": {
      "before_to_during": -13.753180470319768,
      "during_to_after": -57.266531767352845,
      "before": 0.19272916958601222,
      "during": 0.16622277907389932,
      "after": 0.07103275849096803
    },
    "193-211": {
      "before_to_during": -29.383899053172698,
      "during_to_after": -7.280707760156837,
      "before": 0.603421014267641,
      "during": 0.4261123925696066,
      "after": 0.3950883945368013
    },
    "193-335": {
      "before_to_during": -46.25030411205126,
      "during_to_after": 59.73691749577712,
      "before": 0.16375303243264744,
      "during": 0.08801675693984207,
      "after": 0.1405952544154542
    },
    "193-94": {
      "before_to_during": -42.60737832509243,
      "during_to_after": -15.760797743269494,
      "before": 0.08542197492662666,
      "during": 0.04902591089687325,
      "after": 0.041299036238621536
    },
    "193-131": {
      "before_to_during": -37.10998799210062,
      "during_to_after": -47.42953007550053,
      "before": 0.26582781657068194,
      "during": 0.16717914576163861,
      "after": 0.08788686254265736
    },
    "211-335": {
      "before_to_during": -47.02774250744249,
      "during_to_after": 98.31169332743025,
      "before": 0.20714411956605064,
      "during": 0.10972891639721954,
      "after": 0.21760527217716635
    },
    "211-94": {
      "before_to_during": -15.728065947014327,
      "during_to_after": -76.77610163857327,
      "before": 0.08911126262820722,
      "during": 0.07509578447582566,
      "after": 0.017440168660381825
    },
    "211-131": {
      "before_to_during": -29.012528963033624,
      "during_to_after": -49.77707508933594,
      "before": 0.24286501405267996,
      "during": 0.1724037315095705,
      "after": 0.08658619661923447
    },
    "335-94": {
      "before_to_during": -34.0178189244062,
      "during_to_after": -34.97561809042386,
      "before": 0.0867255503602076,
      "during": 0.057223409677477466,
      "after": 0.0372091684503643
    },
    "335-131": {
      "before_to_during": -47.23038878473124,
      "during_to_after": -44.66654773818275,
      "before": 0.17215107723174447,
      "during": 0.09084345415808862,
      "after": 0.0502668193395518
    },
    "94-131": {
      "before_to_during": -25.07181140508381,
      "during_to_after": -70.08307885545531,
      "before": 0.09795514856618523,
      "during": 0.07339601845610161,
      "after": 0.02195782896474739
    }
  },
  "most_affected": [
    {
      "pair": "171-211",
      "change_percent": 19.428889951528653
    },
    {
      "pair": "304-193",
      "change_percent": 11.176802099249263
    },
    {
      "pair": "304-94",
      "change_percent": 2.6116514243797755
    },
    {
      "pair": "171-193",